GEO.id,GEO.id2,GEO.display-label,HD01_VD01,HD02_VD01
Id,Id2,Geography,Estimate; Median household income in the past 12 months (in 2015 Inflation-adjusted dollars),Margin of Error; Median household income in the past 12 months (in 2015 Inflation-adjusted dollars)
1500000US360290001101,360290001101,"Block Group 1, Census Tract 1.10, Erie County, New York",44087,20248
1500000US360290001102,360290001102,"Block Group 2, Census Tract 1.10, Erie County, New York",-,**
1500000US360290001103,360290001103,"Block Group 3, Census Tract 1.10, Erie County, New York",48542,13796
1500000US360290001104,360290001104,"Block Group 4, Census Tract 1.10, Erie County, New York",34342,10102
1500000US360290002001,360290002001,"Block Group 1, Census Tract 2, Erie County, New York",35515,10698
1500000US360290002002,360290002002,"Block Group 2, Census Tract 2, Erie County, New York",30302,9844
1500000US360290002003,360290002003,"Block Group 3, Census Tract 2, Erie County, New York",34449,5453
1500000US360290002004,360290002004,"Block Group 4, Census Tract 2, Erie County, New York",24875,5636
1500000US360290005001,360290005001,"Block Group 1, Census Tract 5, Erie County, New York",31394,6962
1500000US360290005002,360290005002,"Block Group 2, Census Tract 5, Erie County, New York",28621,6647
1500000US360290006001,360290006001,"Block Group 1, Census Tract 6, Erie County, New York",41432,18172
1500000US360290006002,360290006002,"Block Group 2, Census Tract 6, Erie County, New York",65190,17295
1500000US360290006003,360290006003,"Block Group 3, Census Tract 6, Erie County, New York",44079,19303
1500000US360290006004,360290006004,"Block Group 4, Census Tract 6, Erie County, New York",27255,24316
1500000US360290007001,360290007001,"Block Group 1, Census Tract 7, Erie County, New York",86250,67139
1500000US360290007002,360290007002,"Block Group 2, Census Tract 7, Erie County, New York",57969,19519
1500000US360290007003,360290007003,"Block Group 3, Census Tract 7, Erie County, New York",69563,12486
1500000US360290007004,360290007004,"Block Group 4, Census Tract 7, Erie County, New York",54722,23290
1500000US360290007005,360290007005,"Block Group 5, Census Tract 7, Erie County, New York",74821,60172
1500000US360290008001,360290008001,"Block Group 1, Census Tract 8, Erie County, New York",53250,20622
1500000US360290008002,360290008002,"Block Group 2, Census Tract 8, Erie County, New York",44324,9928
1500000US360290008003,360290008003,"Block Group 3, Census Tract 8, Erie County, New York",48088,15037
1500000US360290008004,360290008004,"Block Group 4, Census Tract 8, Erie County, New York",80491,27737
1500000US360290009001,360290009001,"Block Group 1, Census Tract 9, Erie County, New York",45188,20928
1500000US360290009002,360290009002,"Block Group 2, Census Tract 9, Erie County, New York",63125,20381
1500000US360290009003,360290009003,"Block Group 3, Census Tract 9, Erie County, New York",41641,18218
1500000US360290010001,360290010001,"Block Group 1, Census Tract 10, Erie County, New York",46585,18108
1500000US360290010002,360290010002,"Block Group 2, Census Tract 10, Erie County, New York",51333,23230
1500000US360290010004,360290010004,"Block Group 4, Census Tract 10, Erie County, New York",37670,19824
1500000US360290010005,360290010005,"Block Group 5, Census Tract 10, Erie County, New York",39000,13153
1500000US360290011001,360290011001,"Block Group 1, Census Tract 11, Erie County, New York",30679,9758
1500000US360290011002,360290011002,"Block Group 2, Census Tract 11, Erie County, New York",34107,14385
1500000US360290011003,360290011003,"Block Group 3, Census Tract 11, Erie County, New York",24107,6914
1500000US360290014021,360290014021,"Block Group 1, Census Tract 14.02, Erie County, New York",18783,7352
1500000US360290014022,360290014022,"Block Group 2, Census Tract 14.02, Erie County, New York",9567,8044
1500000US360290014023,360290014023,"Block Group 3, Census Tract 14.02, Erie County, New York",27790,5565
1500000US360290014024,360290014024,"Block Group 4, Census Tract 14.02, Erie County, New York",42417,29128
1500000US360290015002,360290015002,"Block Group 2, Census Tract 15, Erie County, New York",18005,5970
1500000US360290016001,360290016001,"Block Group 1, Census Tract 16, Erie County, New York",12181,11805
1500000US360290016002,360290016002,"Block Group 2, Census Tract 16, Erie County, New York",16629,3898
1500000US360290016003,360290016003,"Block Group 3, Census Tract 16, Erie County, New York",6433,2530
1500000US360290016004,360290016004,"Block Group 4, Census Tract 16, Erie County, New York",11773,2679
1500000US360290017001,360290017001,"Block Group 1, Census Tract 17, Erie County, New York",16875,2331
1500000US360290017002,360290017002,"Block Group 2, Census Tract 17, Erie County, New York",29000,11260
1500000US360290019001,360290019001,"Block Group 1, Census Tract 19, Erie County, New York",48594,14338
1500000US360290019002,360290019002,"Block Group 2, Census Tract 19, Erie County, New York",40987,10084
1500000US360290019003,360290019003,"Block Group 3, Census Tract 19, Erie County, New York",50108,10614
1500000US360290023001,360290023001,"Block Group 1, Census Tract 23, Erie County, New York",42500,21977
1500000US360290023002,360290023002,"Block Group 2, Census Tract 23, Erie County, New York",27976,7126
1500000US360290023003,360290023003,"Block Group 3, Census Tract 23, Erie County, New York",31835,8073
1500000US360290023004,360290023004,"Block Group 4, Census Tract 23, Erie County, New York",20714,5718
1500000US360290024001,360290024001,"Block Group 1, Census Tract 24, Erie County, New York",12917,11361
1500000US360290024002,360290024002,"Block Group 2, Census Tract 24, Erie County, New York","2,500-",***
1500000US360290024003,360290024003,"Block Group 3, Census Tract 24, Erie County, New York",38087,5254
1500000US360290024004,360290024004,"Block Group 4, Census Tract 24, Erie County, New York",23886,12911
1500000US360290024005,360290024005,"Block Group 5, Census Tract 24, Erie County, New York",36776,7837
1500000US360290024006,360290024006,"Block Group 6, Census Tract 24, Erie County, New York",32434,7384
1500000US360290025021,360290025021,"Block Group 1, Census Tract 25.02, Erie County, New York",18095,10118
1500000US360290025022,360290025022,"Block Group 2, Census Tract 25.02, Erie County, New York",39643,7492
1500000US360290027021,360290027021,"Block Group 1, Census Tract 27.02, Erie County, New York",30735,9317
1500000US360290027022,360290027022,"Block Group 2, Census Tract 27.02, Erie County, New York",15179,4464
1500000US360290027023,360290027023,"Block Group 3, Census Tract 27.02, Erie County, New York",14091,3308
1500000US360290027024,360290027024,"Block Group 4, Census Tract 27.02, Erie County, New York",12371,3855
1500000US360290028001,360290028001,"Block Group 1, Census Tract 28, Erie County, New York",14659,3938
1500000US360290028002,360290028002,"Block Group 2, Census Tract 28, Erie County, New York",22768,18373
1500000US360290028004,360290028004,"Block Group 4, Census Tract 28, Erie County, New York",23355,6908
1500000US360290029001,360290029001,"Block Group 1, Census Tract 29, Erie County, New York",26534,8604
1500000US360290029002,360290029002,"Block Group 2, Census Tract 29, Erie County, New York",32278,20163
1500000US360290029003,360290029003,"Block Group 3, Census Tract 29, Erie County, New York",23286,6424
1500000US360290029004,360290029004,"Block Group 4, Census Tract 29, Erie County, New York",16250,11710
1500000US360290030001,360290030001,"Block Group 1, Census Tract 30, Erie County, New York",23629,1658
1500000US360290030002,360290030002,"Block Group 2, Census Tract 30, Erie County, New York",17169,4296
1500000US360290030003,360290030003,"Block Group 3, Census Tract 30, Erie County, New York",25905,10284
1500000US360290031001,360290031001,"Block Group 1, Census Tract 31, Erie County, New York",39125,30289
1500000US360290031002,360290031002,"Block Group 2, Census Tract 31, Erie County, New York",37321,29073
1500000US360290031003,360290031003,"Block Group 3, Census Tract 31, Erie County, New York",28664,8664
1500000US360290031004,360290031004,"Block Group 4, Census Tract 31, Erie County, New York",10677,9884
1500000US360290033012,360290033012,"Block Group 2, Census Tract 33.01, Erie County, New York",43125,35250
1500000US360290033013,360290033013,"Block Group 3, Census Tract 33.01, Erie County, New York",26190,2122
1500000US360290033014,360290033014,"Block Group 4, Census Tract 33.01, Erie County, New York",34688,31479
1500000US360290033021,360290033021,"Block Group 1, Census Tract 33.02, Erie County, New York",24045,10298
1500000US360290033023,360290033023,"Block Group 3, Census Tract 33.02, Erie County, New York",24821,12150
1500000US360290033024,360290033024,"Block Group 4, Census Tract 33.02, Erie County, New York",13083,5453
1500000US360290034001,360290034001,"Block Group 1, Census Tract 34, Erie County, New York",24091,12764
1500000US360290034002,360290034002,"Block Group 2, Census Tract 34, Erie County, New York",18424,15752
1500000US360290034003,360290034003,"Block Group 3, Census Tract 34, Erie County, New York",36875,20199
1500000US360290034004,360290034004,"Block Group 4, Census Tract 34, Erie County, New York",48365,45805
1500000US360290034005,360290034005,"Block Group 5, Census Tract 34, Erie County, New York",23229,15365
1500000US360290035001,360290035001,"Block Group 1, Census Tract 35, Erie County, New York",10000,7182
1500000US360290035002,360290035002,"Block Group 2, Census Tract 35, Erie County, New York",23000,4933
1500000US360290035003,360290035003,"Block Group 3, Census Tract 35, Erie County, New York",14576,3142
1500000US360290035004,360290035004,"Block Group 4, Census Tract 35, Erie County, New York",17625,6655
1500000US360290036001,360290036001,"Block Group 1, Census Tract 36, Erie County, New York",18889,7139
1500000US360290036002,360290036002,"Block Group 2, Census Tract 36, Erie County, New York",22361,13300
1500000US360290036003,360290036003,"Block Group 3, Census Tract 36, Erie County, New York",25053,17102
1500000US360290036004,360290036004,"Block Group 4, Census Tract 36, Erie County, New York",21979,21812
1500000US360290037001,360290037001,"Block Group 1, Census Tract 37, Erie County, New York",19904,8630
1500000US360290037002,360290037002,"Block Group 2, Census Tract 37, Erie County, New York",29602,4832
1500000US360290037003,360290037003,"Block Group 3, Census Tract 37, Erie County, New York",21071,7034
1500000US360290037004,360290037004,"Block Group 4, Census Tract 37, Erie County, New York",24632,17247
1500000US360290037005,360290037005,"Block Group 5, Census Tract 37, Erie County, New York",29688,17353
1500000US360290038001,360290038001,"Block Group 1, Census Tract 38, Erie County, New York",27713,7794
1500000US360290038002,360290038002,"Block Group 2, Census Tract 38, Erie County, New York",14338,9543
1500000US360290038003,360290038003,"Block Group 3, Census Tract 38, Erie County, New York",30268,10926
1500000US360290039011,360290039011,"Block Group 1, Census Tract 39.01, Erie County, New York",26641,6684
1500000US360290040011,360290040011,"Block Group 1, Census Tract 40.01, Erie County, New York",19741,9954
1500000US360290040012,360290040012,"Block Group 2, Census Tract 40.01, Erie County, New York",19871,6037
1500000US360290040013,360290040013,"Block Group 3, Census Tract 40.01, Erie County, New York",14250,4645
1500000US360290040014,360290040014,"Block Group 4, Census Tract 40.01, Erie County, New York",19221,4573
1500000US360290040015,360290040015,"Block Group 5, Census Tract 40.01, Erie County, New York",33398,13033
1500000US360290041001,360290041001,"Block Group 1, Census Tract 41, Erie County, New York",31094,7875
1500000US360290041002,360290041002,"Block Group 2, Census Tract 41, Erie County, New York",28614,3548
1500000US360290041003,360290041003,"Block Group 3, Census Tract 41, Erie County, New York",40735,14550
1500000US360290041004,360290041004,"Block Group 4, Census Tract 41, Erie County, New York",26563,10683
1500000US360290042001,360290042001,"Block Group 1, Census Tract 42, Erie County, New York",43125,9096
1500000US360290042002,360290042002,"Block Group 2, Census Tract 42, Erie County, New York",35635,9762
1500000US360290042003,360290042003,"Block Group 3, Census Tract 42, Erie County, New York",28646,9761
1500000US360290042004,360290042004,"Block Group 4, Census Tract 42, Erie County, New York",21518,7016
1500000US360290042005,360290042005,"Block Group 5, Census Tract 42, Erie County, New York",40435,39787
1500000US360290043001,360290043001,"Block Group 1, Census Tract 43, Erie County, New York",37902,16343
1500000US360290043002,360290043002,"Block Group 2, Census Tract 43, Erie County, New York",39214,23271
1500000US360290043003,360290043003,"Block Group 3, Census Tract 43, Erie County, New York",35179,16324
1500000US360290043004,360290043004,"Block Group 4, Census Tract 43, Erie County, New York",69896,54230
1500000US360290043005,360290043005,"Block Group 5, Census Tract 43, Erie County, New York",28587,20706
1500000US360290043006,360290043006,"Block Group 6, Census Tract 43, Erie County, New York",28438,18260
1500000US360290044011,360290044011,"Block Group 1, Census Tract 44.01, Erie County, New York",31667,18817
1500000US360290044013,360290044013,"Block Group 3, Census Tract 44.01, Erie County, New York",37866,9387
1500000US360290044014,360290044014,"Block Group 4, Census Tract 44.01, Erie County, New York",38366,3521
1500000US360290044021,360290044021,"Block Group 1, Census Tract 44.02, Erie County, New York",12143,3408
1500000US360290044022,360290044022,"Block Group 2, Census Tract 44.02, Erie County, New York",18214,15075
1500000US360290045001,360290045001,"Block Group 1, Census Tract 45, Erie County, New York",61381,12059
1500000US360290045002,360290045002,"Block Group 2, Census Tract 45, Erie County, New York",37643,25340
1500000US360290045003,360290045003,"Block Group 3, Census Tract 45, Erie County, New York",67054,44187
1500000US360290045004,360290045004,"Block Group 4, Census Tract 45, Erie County, New York",79625,72560
1500000US360290045005,360290045005,"Block Group 5, Census Tract 45, Erie County, New York",69091,24584
1500000US360290045006,360290045006,"Block Group 6, Census Tract 45, Erie County, New York",60724,14695
1500000US360290046011,360290046011,"Block Group 1, Census Tract 46.01, Erie County, New York",50729,13705
1500000US360290046012,360290046012,"Block Group 2, Census Tract 46.01, Erie County, New York",51000,25364
1500000US360290046013,360290046013,"Block Group 3, Census Tract 46.01, Erie County, New York",73929,10665
1500000US360290046014,360290046014,"Block Group 4, Census Tract 46.01, Erie County, New York",31131,12170
1500000US360290046021,360290046021,"Block Group 1, Census Tract 46.02, Erie County, New York",-,**
1500000US360290047001,360290047001,"Block Group 1, Census Tract 47, Erie County, New York",38066,12619
1500000US360290047002,360290047002,"Block Group 2, Census Tract 47, Erie County, New York",39013,7875
1500000US360290047003,360290047003,"Block Group 3, Census Tract 47, Erie County, New York",63563,50469
1500000US360290047004,360290047004,"Block Group 4, Census Tract 47, Erie County, New York",28618,7906
1500000US360290047005,360290047005,"Block Group 5, Census Tract 47, Erie County, New York",17426,10383
1500000US360290048001,360290048001,"Block Group 1, Census Tract 48, Erie County, New York",69776,14718
1500000US360290048002,360290048002,"Block Group 2, Census Tract 48, Erie County, New York",72446,26413
1500000US360290048003,360290048003,"Block Group 3, Census Tract 48, Erie County, New York",76023,17699
1500000US360290049001,360290049001,"Block Group 1, Census Tract 49, Erie County, New York",42253,13156
1500000US360290049002,360290049002,"Block Group 2, Census Tract 49, Erie County, New York",41356,21641
1500000US360290049003,360290049003,"Block Group 3, Census Tract 49, Erie County, New York",48158,15225
1500000US360290049004,360290049004,"Block Group 4, Census Tract 49, Erie County, New York",39876,18751
1500000US360290049005,360290049005,"Block Group 5, Census Tract 49, Erie County, New York",53409,20418
1500000US360290050001,360290050001,"Block Group 1, Census Tract 50, Erie County, New York",46583,11729
1500000US360290050002,360290050002,"Block Group 2, Census Tract 50, Erie County, New York",70147,21747
1500000US360290050003,360290050003,"Block Group 3, Census Tract 50, Erie County, New York",37639,19949
1500000US360290051001,360290051001,"Block Group 1, Census Tract 51, Erie County, New York",50071,19048
1500000US360290051002,360290051002,"Block Group 2, Census Tract 51, Erie County, New York",24434,6937
1500000US360290051003,360290051003,"Block Group 3, Census Tract 51, Erie County, New York",58638,24364
1500000US360290051004,360290051004,"Block Group 4, Census Tract 51, Erie County, New York",63828,27062
1500000US360290052011,360290052011,"Block Group 1, Census Tract 52.01, Erie County, New York",80455,19003
1500000US360290052012,360290052012,"Block Group 2, Census Tract 52.01, Erie County, New York",88875,36670
1500000US360290052014,360290052014,"Block Group 4, Census Tract 52.01, Erie County, New York",65515,39385
1500000US360290052021,360290052021,"Block Group 1, Census Tract 52.02, Erie County, New York",43056,23184
1500000US360290052022,360290052022,"Block Group 2, Census Tract 52.02, Erie County, New York",26806,4714
1500000US360290053001,360290053001,"Block Group 1, Census Tract 53, Erie County, New York",66667,20548
1500000US360290053002,360290053002,"Block Group 2, Census Tract 53, Erie County, New York",11812,3283
1500000US360290054001,360290054001,"Block Group 1, Census Tract 54, Erie County, New York",60263,16194
1500000US360290054002,360290054002,"Block Group 2, Census Tract 54, Erie County, New York",29572,9683
1500000US360290054003,360290054003,"Block Group 3, Census Tract 54, Erie County, New York",86875,24488
1500000US360290054004,360290054004,"Block Group 4, Census Tract 54, Erie County, New York",51563,19477
1500000US360290055001,360290055001,"Block Group 1, Census Tract 55, Erie County, New York",34583,5707
1500000US360290055002,360290055002,"Block Group 2, Census Tract 55, Erie County, New York",20513,7664
1500000US360290055003,360290055003,"Block Group 3, Census Tract 55, Erie County, New York",27674,9677
1500000US360290056001,360290056001,"Block Group 1, Census Tract 56, Erie County, New York",16520,9540
1500000US360290056002,360290056002,"Block Group 2, Census Tract 56, Erie County, New York",46176,27128
1500000US360290056003,360290056003,"Block Group 3, Census Tract 56, Erie County, New York",31513,9714
1500000US360290056004,360290056004,"Block Group 4, Census Tract 56, Erie County, New York",20536,8939
1500000US360290056005,360290056005,"Block Group 5, Census Tract 56, Erie County, New York",33551,4446
1500000US360290057001,360290057001,"Block Group 1, Census Tract 57, Erie County, New York",14188,5425
1500000US360290057002,360290057002,"Block Group 2, Census Tract 57, Erie County, New York",39688,13740
1500000US360290057003,360290057003,"Block Group 3, Census Tract 57, Erie County, New York",20750,16057
1500000US360290058011,360290058011,"Block Group 1, Census Tract 58.01, Erie County, New York",21375,4914
1500000US360290058012,360290058012,"Block Group 2, Census Tract 58.01, Erie County, New York",31371,18062
1500000US360290058013,360290058013,"Block Group 3, Census Tract 58.01, Erie County, New York",24239,8968
1500000US360290058021,360290058021,"Block Group 1, Census Tract 58.02, Erie County, New York",26875,8339
1500000US360290058022,360290058022,"Block Group 2, Census Tract 58.02, Erie County, New York",25792,6360
1500000US360290058023,360290058023,"Block Group 3, Census Tract 58.02, Erie County, New York",17885,13271
1500000US360290058024,360290058024,"Block Group 4, Census Tract 58.02, Erie County, New York",24095,21311
1500000US360290059001,360290059001,"Block Group 1, Census Tract 59, Erie County, New York",31875,9752
1500000US360290059002,360290059002,"Block Group 2, Census Tract 59, Erie County, New York",17155,11441
1500000US360290059003,360290059003,"Block Group 3, Census Tract 59, Erie County, New York",26138,2812
1500000US360290059005,360290059005,"Block Group 5, Census Tract 59, Erie County, New York",18015,3506
1500000US360290061001,360290061001,"Block Group 1, Census Tract 61, Erie County, New York",27279,19770
1500000US360290061002,360290061002,"Block Group 2, Census Tract 61, Erie County, New York",33214,25546
1500000US360290061003,360290061003,"Block Group 3, Census Tract 61, Erie County, New York",32031,14717
1500000US360290061004,360290061004,"Block Group 4, Census Tract 61, Erie County, New York",26542,17688
1500000US360290061005,360290061005,"Block Group 5, Census Tract 61, Erie County, New York",32917,4898
1500000US360290062011,360290062011,"Block Group 1, Census Tract 62.01, Erie County, New York",-,**
1500000US360290063011,360290063011,"Block Group 1, Census Tract 63.01, Erie County, New York",55401,7697
1500000US360290063012,360290063012,"Block Group 2, Census Tract 63.01, Erie County, New York",66346,30459
1500000US360290063013,360290063013,"Block Group 3, Census Tract 63.01, Erie County, New York",70433,36951
1500000US360290063014,360290063014,"Block Group 4, Census Tract 63.01, Erie County, New York",53750,15525
1500000US360290063015,360290063015,"Block Group 5, Census Tract 63.01, Erie County, New York",33300,27846
1500000US360290063021,360290063021,"Block Group 1, Census Tract 63.02, Erie County, New York",86321,10527
1500000US360290063022,360290063022,"Block Group 2, Census Tract 63.02, Erie County, New York",59375,17259
1500000US360290063023,360290063023,"Block Group 3, Census Tract 63.02, Erie County, New York",78015,31006
1500000US360290065011,360290065011,"Block Group 1, Census Tract 65.01, Erie County, New York",68333,22816
1500000US360290065012,360290065012,"Block Group 2, Census Tract 65.01, Erie County, New York",57500,24470
1500000US360290065013,360290065013,"Block Group 3, Census Tract 65.01, Erie County, New York",42456,3478
1500000US360290065014,360290065014,"Block Group 4, Census Tract 65.01, Erie County, New York",22857,4787
1500000US360290066011,360290066011,"Block Group 1, Census Tract 66.01, Erie County, New York",30726,12502
1500000US360290066012,360290066012,"Block Group 2, Census Tract 66.01, Erie County, New York",58795,8527
1500000US360290066013,360290066013,"Block Group 3, Census Tract 66.01, Erie County, New York",19043,5879
1500000US360290066021,360290066021,"Block Group 1, Census Tract 66.02, Erie County, New York",53281,11854
1500000US360290066022,360290066022,"Block Group 2, Census Tract 66.02, Erie County, New York",58686,6384
1500000US360290066023,360290066023,"Block Group 3, Census Tract 66.02, Erie County, New York",14227,4933
1500000US360290067011,360290067011,"Block Group 1, Census Tract 67.01, Erie County, New York",37031,23766
1500000US360290067012,360290067012,"Block Group 2, Census Tract 67.01, Erie County, New York",45525,20191
1500000US360290067013,360290067013,"Block Group 3, Census Tract 67.01, Erie County, New York",45960,9733
1500000US360290067021,360290067021,"Block Group 1, Census Tract 67.02, Erie County, New York",33191,8374
1500000US360290067022,360290067022,"Block Group 2, Census Tract 67.02, Erie County, New York",40305,19223
1500000US360290067023,360290067023,"Block Group 3, Census Tract 67.02, Erie County, New York",42074,13643
1500000US360290068001,360290068001,"Block Group 1, Census Tract 68, Erie County, New York",33629,14259
1500000US360290068002,360290068002,"Block Group 2, Census Tract 68, Erie County, New York",32273,21051
1500000US360290068003,360290068003,"Block Group 3, Census Tract 68, Erie County, New York",38304,18664
1500000US360290068004,360290068004,"Block Group 4, Census Tract 68, Erie County, New York",38722,20175
1500000US360290069011,360290069011,"Block Group 1, Census Tract 69.01, Erie County, New York",22969,14204
1500000US360290069012,360290069012,"Block Group 2, Census Tract 69.01, Erie County, New York",17321,9727
1500000US360290069013,360290069013,"Block Group 3, Census Tract 69.01, Erie County, New York",21492,15182
1500000US360290069014,360290069014,"Block Group 4, Census Tract 69.01, Erie County, New York",19735,11558
1500000US360290069021,360290069021,"Block Group 1, Census Tract 69.02, Erie County, New York",34896,11289
1500000US360290069022,360290069022,"Block Group 2, Census Tract 69.02, Erie County, New York",36447,13942
1500000US360290069023,360290069023,"Block Group 3, Census Tract 69.02, Erie County, New York",15893,12386
1500000US360290069024,360290069024,"Block Group 4, Census Tract 69.02, Erie County, New York",14324,6805
1500000US360290070001,360290070001,"Block Group 1, Census Tract 70, Erie County, New York",14958,5629
1500000US360290070002,360290070002,"Block Group 2, Census Tract 70, Erie County, New York",16875,11633
1500000US360290070003,360290070003,"Block Group 3, Census Tract 70, Erie County, New York",30625,10616
1500000US360290071011,360290071011,"Block Group 1, Census Tract 71.01, Erie County, New York",26814,15465
1500000US360290071012,360290071012,"Block Group 2, Census Tract 71.01, Erie County, New York",9384,1182
1500000US360290071013,360290071013,"Block Group 3, Census Tract 71.01, Erie County, New York",27083,17334
1500000US360290071014,360290071014,"Block Group 4, Census Tract 71.01, Erie County, New York",12981,6953
1500000US360290071021,360290071021,"Block Group 1, Census Tract 71.02, Erie County, New York",20116,6736
1500000US360290071022,360290071022,"Block Group 2, Census Tract 71.02, Erie County, New York",22794,10478
1500000US360290071023,360290071023,"Block Group 3, Census Tract 71.02, Erie County, New York",35694,27831
1500000US360290072021,360290072021,"Block Group 1, Census Tract 72.02, Erie County, New York",44667,7793
1500000US360290073021,360290073021,"Block Group 1, Census Tract 73.02, Erie County, New York",75993,22500
1500000US360290073022,360290073022,"Block Group 2, Census Tract 73.02, Erie County, New York",63882,18161
1500000US360290073023,360290073023,"Block Group 3, Census Tract 73.02, Erie County, New York",97679,15351
1500000US360290073024,360290073024,"Block Group 4, Census Tract 73.02, Erie County, New York",80035,31373
1500000US360290073025,360290073025,"Block Group 5, Census Tract 73.02, Erie County, New York",107868,26905
1500000US360290073026,360290073026,"Block Group 6, Census Tract 73.02, Erie County, New York",49391,12917
1500000US360290073031,360290073031,"Block Group 1, Census Tract 73.03, Erie County, New York",101288,24618
1500000US360290073032,360290073032,"Block Group 2, Census Tract 73.03, Erie County, New York",74667,13400
1500000US360290073033,360290073033,"Block Group 3, Census Tract 73.03, Erie County, New York",45605,10633
1500000US360290073034,360290073034,"Block Group 4, Census Tract 73.03, Erie County, New York",100958,28662
1500000US360290073041,360290073041,"Block Group 1, Census Tract 73.04, Erie County, New York",88813,21130
1500000US360290073042,360290073042,"Block Group 2, Census Tract 73.04, Erie County, New York",94402,17134
1500000US360290076001,360290076001,"Block Group 1, Census Tract 76, Erie County, New York",45848,6293
1500000US360290076002,360290076002,"Block Group 2, Census Tract 76, Erie County, New York",46154,12584
1500000US360290076003,360290076003,"Block Group 3, Census Tract 76, Erie County, New York",72750,38529
1500000US360290077001,360290077001,"Block Group 1, Census Tract 77, Erie County, New York",33933,13977
1500000US360290077002,360290077002,"Block Group 2, Census Tract 77, Erie County, New York",41650,5185
1500000US360290077003,360290077003,"Block Group 3, Census Tract 77, Erie County, New York",52200,21771
1500000US360290077005,360290077005,"Block Group 5, Census Tract 77, Erie County, New York",44867,24498
1500000US360290078001,360290078001,"Block Group 1, Census Tract 78, Erie County, New York",65288,20229
1500000US360290078002,360290078002,"Block Group 2, Census Tract 78, Erie County, New York",24414,12366
1500000US360290078003,360290078003,"Block Group 3, Census Tract 78, Erie County, New York",51625,14894
1500000US360290078004,360290078004,"Block Group 4, Census Tract 78, Erie County, New York",72844,6132
1500000US360290079011,360290079011,"Block Group 1, Census Tract 79.01, Erie County, New York",76375,15607
1500000US360290079012,360290079012,"Block Group 2, Census Tract 79.01, Erie County, New York",53958,9179
1500000US360290079013,360290079013,"Block Group 3, Census Tract 79.01, Erie County, New York",57321,29498
1500000US360290079021,360290079021,"Block Group 1, Census Tract 79.02, Erie County, New York",53917,30741
1500000US360290079022,360290079022,"Block Group 2, Census Tract 79.02, Erie County, New York",68906,48027
1500000US360290079023,360290079023,"Block Group 3, Census Tract 79.02, Erie County, New York",55183,7870
1500000US360290079024,360290079024,"Block Group 4, Census Tract 79.02, Erie County, New York",60268,13711
1500000US360290079025,360290079025,"Block Group 5, Census Tract 79.02, Erie County, New York",58438,10919
1500000US360290079026,360290079026,"Block Group 6, Census Tract 79.02, Erie County, New York",68684,24964
1500000US360290079031,360290079031,"Block Group 1, Census Tract 79.03, Erie County, New York",57457,14903
1500000US360290079032,360290079032,"Block Group 2, Census Tract 79.03, Erie County, New York",49583,10914
1500000US360290079033,360290079033,"Block Group 3, Census Tract 79.03, Erie County, New York",72614,19890
1500000US360290079041,360290079041,"Block Group 1, Census Tract 79.04, Erie County, New York",61250,9533
1500000US360290079042,360290079042,"Block Group 2, Census Tract 79.04, Erie County, New York",89107,21842
1500000US360290079043,360290079043,"Block Group 3, Census Tract 79.04, Erie County, New York",49231,8272
1500000US360290079051,360290079051,"Block Group 1, Census Tract 79.05, Erie County, New York",67429,9947
1500000US360290079052,360290079052,"Block Group 2, Census Tract 79.05, Erie County, New York",44940,19355
1500000US360290079053,360290079053,"Block Group 3, Census Tract 79.05, Erie County, New York",71015,2663
1500000US360290080011,360290080011,"Block Group 1, Census Tract 80.01, Erie County, New York",64318,19983
1500000US360290080012,360290080012,"Block Group 2, Census Tract 80.01, Erie County, New York",79107,18253
1500000US360290080013,360290080013,"Block Group 3, Census Tract 80.01, Erie County, New York",60673,14110
1500000US360290080014,360290080014,"Block Group 4, Census Tract 80.01, Erie County, New York",63125,17833
1500000US360290080015,360290080015,"Block Group 5, Census Tract 80.01, Erie County, New York",50078,15990
1500000US360290080016,360290080016,"Block Group 6, Census Tract 80.01, Erie County, New York",52857,17260
1500000US360290080021,360290080021,"Block Group 1, Census Tract 80.02, Erie County, New York",45313,42786
1500000US360290080022,360290080022,"Block Group 2, Census Tract 80.02, Erie County, New York",44942,8680
1500000US360290080023,360290080023,"Block Group 3, Census Tract 80.02, Erie County, New York",55333,24584
1500000US360290080024,360290080024,"Block Group 4, Census Tract 80.02, Erie County, New York",58487,18931
1500000US360290080025,360290080025,"Block Group 5, Census Tract 80.02, Erie County, New York",69766,17131
1500000US360290080026,360290080026,"Block Group 6, Census Tract 80.02, Erie County, New York",68529,29294
1500000US360290080031,360290080031,"Block Group 1, Census Tract 80.03, Erie County, New York",56724,5822
1500000US360290080032,360290080032,"Block Group 2, Census Tract 80.03, Erie County, New York",30921,14254
1500000US360290080033,360290080033,"Block Group 3, Census Tract 80.03, Erie County, New York",38971,36973
1500000US360290080034,360290080034,"Block Group 4, Census Tract 80.03, Erie County, New York",55625,24971
1500000US360290080035,360290080035,"Block Group 5, Census Tract 80.03, Erie County, New York",67313,6636
1500000US360290081011,360290081011,"Block Group 1, Census Tract 81.01, Erie County, New York",52635,7264
1500000US360290081012,360290081012,"Block Group 2, Census Tract 81.01, Erie County, New York",58372,20625
1500000US360290081013,360290081013,"Block Group 3, Census Tract 81.01, Erie County, New York",50873,5154
1500000US360290081014,360290081014,"Block Group 4, Census Tract 81.01, Erie County, New York",63313,23897
1500000US360290081015,360290081015,"Block Group 5, Census Tract 81.01, Erie County, New York",40458,5224
1500000US360290081021,360290081021,"Block Group 1, Census Tract 81.02, Erie County, New York",76250,10075
1500000US360290081022,360290081022,"Block Group 2, Census Tract 81.02, Erie County, New York",48676,10644
1500000US360290081023,360290081023,"Block Group 3, Census Tract 81.02, Erie County, New York",110250,37273
1500000US360290081024,360290081024,"Block Group 4, Census Tract 81.02, Erie County, New York",75461,11755
1500000US360290081025,360290081025,"Block Group 5, Census Tract 81.02, Erie County, New York",47308,29592
1500000US360290082011,360290082011,"Block Group 1, Census Tract 82.01, Erie County, New York",44196,15613
1500000US360290082012,360290082012,"Block Group 2, Census Tract 82.01, Erie County, New York",50313,13451
1500000US360290082013,360290082013,"Block Group 3, Census Tract 82.01, Erie County, New York",57500,19725
1500000US360290082021,360290082021,"Block Group 1, Census Tract 82.02, Erie County, New York",65375,23930
1500000US360290082022,360290082022,"Block Group 2, Census Tract 82.02, Erie County, New York",45486,4844
1500000US360290082023,360290082023,"Block Group 3, Census Tract 82.02, Erie County, New York",62212,15613
1500000US360290082024,360290082024,"Block Group 4, Census Tract 82.02, Erie County, New York",44028,8858
1500000US360290082025,360290082025,"Block Group 5, Census Tract 82.02, Erie County, New York",25565,5244
1500000US360290083001,360290083001,"Block Group 1, Census Tract 83, Erie County, New York",23313,7286
1500000US360290083002,360290083002,"Block Group 2, Census Tract 83, Erie County, New York",18136,6143
1500000US360290083003,360290083003,"Block Group 3, Census Tract 83, Erie County, New York",20000,16738
1500000US360290084001,360290084001,"Block Group 1, Census Tract 84, Erie County, New York",52500,20842
1500000US360290084002,360290084002,"Block Group 2, Census Tract 84, Erie County, New York",50583,7908
1500000US360290084003,360290084003,"Block Group 3, Census Tract 84, Erie County, New York",32500,10475
1500000US360290085001,360290085001,"Block Group 1, Census Tract 85, Erie County, New York",45806,13239
1500000US360290085002,360290085002,"Block Group 2, Census Tract 85, Erie County, New York",61250,17064
1500000US360290086001,360290086001,"Block Group 1, Census Tract 86, Erie County, New York",61964,56998
1500000US360290086002,360290086002,"Block Group 2, Census Tract 86, Erie County, New York",59792,38859
1500000US360290086003,360290086003,"Block Group 3, Census Tract 86, Erie County, New York",77094,37790
1500000US360290086004,360290086004,"Block Group 4, Census Tract 86, Erie County, New York",59524,21446
1500000US360290086005,360290086005,"Block Group 5, Census Tract 86, Erie County, New York",17682,8458
1500000US360290086006,360290086006,"Block Group 6, Census Tract 86, Erie County, New York",65449,19690
1500000US360290087001,360290087001,"Block Group 1, Census Tract 87, Erie County, New York",46221,8608
1500000US360290087002,360290087002,"Block Group 2, Census Tract 87, Erie County, New York",51170,16820
1500000US360290087003,360290087003,"Block Group 3, Census Tract 87, Erie County, New York",56101,14115
1500000US360290087004,360290087004,"Block Group 4, Census Tract 87, Erie County, New York",37500,25788
1500000US360290087005,360290087005,"Block Group 5, Census Tract 87, Erie County, New York",49844,14317
1500000US360290088001,360290088001,"Block Group 1, Census Tract 88, Erie County, New York",44896,13852
1500000US360290088002,360290088002,"Block Group 2, Census Tract 88, Erie County, New York",55729,19894
1500000US360290088003,360290088003,"Block Group 3, Census Tract 88, Erie County, New York",43722,9341
1500000US360290089001,360290089001,"Block Group 1, Census Tract 89, Erie County, New York",55313,26466
1500000US360290089002,360290089002,"Block Group 2, Census Tract 89, Erie County, New York",78750,24002
1500000US360290089003,360290089003,"Block Group 3, Census Tract 89, Erie County, New York",59583,31698
1500000US360290089004,360290089004,"Block Group 4, Census Tract 89, Erie County, New York",63333,15110
1500000US360290089005,360290089005,"Block Group 5, Census Tract 89, Erie County, New York",81500,11485
1500000US360290090041,360290090041,"Block Group 1, Census Tract 90.04, Erie County, New York",74798,10020
1500000US360290090042,360290090042,"Block Group 2, Census Tract 90.04, Erie County, New York",96875,17919
1500000US360290090061,360290090061,"Block Group 1, Census Tract 90.06, Erie County, New York",80161,28072
1500000US360290090062,360290090062,"Block Group 2, Census Tract 90.06, Erie County, New York",70357,15835
1500000US360290090063,360290090063,"Block Group 3, Census Tract 90.06, Erie County, New York",99423,50707
1500000US360290090064,360290090064,"Block Group 4, Census Tract 90.06, Erie County, New York",82708,23664
1500000US360290090065,360290090065,"Block Group 5, Census Tract 90.06, Erie County, New York",111175,15891
1500000US360290090071,360290090071,"Block Group 1, Census Tract 90.07, Erie County, New York",151354,70307
1500000US360290090072,360290090072,"Block Group 2, Census Tract 90.07, Erie County, New York",159115,50276
1500000US360290090073,360290090073,"Block Group 3, Census Tract 90.07, Erie County, New York",124242,17114
1500000US360290090074,360290090074,"Block Group 4, Census Tract 90.07, Erie County, New York",124485,34088
1500000US360290090081,360290090081,"Block Group 1, Census Tract 90.08, Erie County, New York",49226,7536
1500000US360290090082,360290090082,"Block Group 2, Census Tract 90.08, Erie County, New York",49609,43748
1500000US360290090083,360290090083,"Block Group 3, Census Tract 90.08, Erie County, New York",113237,38233
1500000US360290090091,360290090091,"Block Group 1, Census Tract 90.09, Erie County, New York",113000,18959
1500000US360290090092,360290090092,"Block Group 2, Census Tract 90.09, Erie County, New York",83077,19521
1500000US360290090101,360290090101,"Block Group 1, Census Tract 90.10, Erie County, New York",112917,15003
1500000US360290090102,360290090102,"Block Group 2, Census Tract 90.10, Erie County, New York",73750,17527
1500000US360290091041,360290091041,"Block Group 1, Census Tract 91.04, Erie County, New York",98750,25497
1500000US360290091042,360290091042,"Block Group 2, Census Tract 91.04, Erie County, New York",112875,26988
1500000US360290091043,360290091043,"Block Group 3, Census Tract 91.04, Erie County, New York",58438,15744
1500000US360290091061,360290091061,"Block Group 1, Census Tract 91.06, Erie County, New York",79265,7612
1500000US360290091062,360290091062,"Block Group 2, Census Tract 91.06, Erie County, New York",62262,20567
1500000US360290091071,360290091071,"Block Group 1, Census Tract 91.07, Erie County, New York",61875,34563
1500000US360290091072,360290091072,"Block Group 2, Census Tract 91.07, Erie County, New York",63158,38529
1500000US360290091073,360290091073,"Block Group 3, Census Tract 91.07, Erie County, New York",34344,19743
1500000US360290091074,360290091074,"Block Group 4, Census Tract 91.07, Erie County, New York",61528,14596
1500000US360290091091,360290091091,"Block Group 1, Census Tract 91.09, Erie County, New York",55500,4574
1500000US360290091092,360290091092,"Block Group 2, Census Tract 91.09, Erie County, New York",74063,23844
1500000US360290091101,360290091101,"Block Group 1, Census Tract 91.10, Erie County, New York",-,**
1500000US360290091121,360290091121,"Block Group 1, Census Tract 91.12, Erie County, New York",21947,1969
1500000US360290091131,360290091131,"Block Group 1, Census Tract 91.13, Erie County, New York",109500,16199
1500000US360290091132,360290091132,"Block Group 2, Census Tract 91.13, Erie County, New York",89710,7461
1500000US360290091133,360290091133,"Block Group 3, Census Tract 91.13, Erie County, New York",110948,10930
1500000US360290091141,360290091141,"Block Group 1, Census Tract 91.14, Erie County, New York",125278,29250
1500000US360290091142,360290091142,"Block Group 2, Census Tract 91.14, Erie County, New York",51250,10382
1500000US360290091143,360290091143,"Block Group 3, Census Tract 91.14, Erie County, New York",88452,13604
1500000US360290091151,360290091151,"Block Group 1, Census Tract 91.15, Erie County, New York",31223,4554
1500000US360290091152,360290091152,"Block Group 2, Census Tract 91.15, Erie County, New York",30918,10345
1500000US360290091161,360290091161,"Block Group 1, Census Tract 91.16, Erie County, New York",63892,12363
1500000US360290091162,360290091162,"Block Group 2, Census Tract 91.16, Erie County, New York",80833,23803
1500000US360290091163,360290091163,"Block Group 3, Census Tract 91.16, Erie County, New York",26777,6572
1500000US360290091164,360290091164,"Block Group 4, Census Tract 91.16, Erie County, New York",60478,32789
1500000US360290092001,360290092001,"Block Group 1, Census Tract 92, Erie County, New York",55256,12437
1500000US360290092002,360290092002,"Block Group 2, Census Tract 92, Erie County, New York",67031,10767
1500000US360290092003,360290092003,"Block Group 3, Census Tract 92, Erie County, New York",15411,3291
1500000US360290092004,360290092004,"Block Group 4, Census Tract 92, Erie County, New York",35179,28056
1500000US360290093011,360290093011,"Block Group 1, Census Tract 93.01, Erie County, New York",44663,14009
1500000US360290093012,360290093012,"Block Group 2, Census Tract 93.01, Erie County, New York",60842,18242
1500000US360290093013,360290093013,"Block Group 3, Census Tract 93.01, Erie County, New York",27523,17144
1500000US360290093014,360290093014,"Block Group 4, Census Tract 93.01, Erie County, New York",84659,52213
1500000US360290093015,360290093015,"Block Group 5, Census Tract 93.01, Erie County, New York",23750,8463
1500000US360290093021,360290093021,"Block Group 1, Census Tract 93.02, Erie County, New York",42614,20435
1500000US360290093022,360290093022,"Block Group 2, Census Tract 93.02, Erie County, New York",59667,21308
1500000US360290093023,360290093023,"Block Group 3, Census Tract 93.02, Erie County, New York",41125,21680
1500000US360290094011,360290094011,"Block Group 1, Census Tract 94.01, Erie County, New York",55125,16654
1500000US360290094012,360290094012,"Block Group 2, Census Tract 94.01, Erie County, New York",112917,25288
1500000US360290094013,360290094013,"Block Group 3, Census Tract 94.01, Erie County, New York",77306,30002
1500000US360290094014,360290094014,"Block Group 4, Census Tract 94.01, Erie County, New York",62861,5846
1500000US360290094015,360290094015,"Block Group 5, Census Tract 94.01, Erie County, New York",82708,59328
1500000US360290094021,360290094021,"Block Group 1, Census Tract 94.02, Erie County, New York",60764,38523
1500000US360290094022,360290094022,"Block Group 2, Census Tract 94.02, Erie County, New York",60595,18762
1500000US360290094023,360290094023,"Block Group 3, Census Tract 94.02, Erie County, New York",125625,26088
1500000US360290094024,360290094024,"Block Group 4, Census Tract 94.02, Erie County, New York",97153,17960
1500000US360290095011,360290095011,"Block Group 1, Census Tract 95.01, Erie County, New York",136146,38967
1500000US360290095012,360290095012,"Block Group 2, Census Tract 95.01, Erie County, New York",88125,15524
1500000US360290095013,360290095013,"Block Group 3, Census Tract 95.01, Erie County, New York",80302,18454
1500000US360290095014,360290095014,"Block Group 4, Census Tract 95.01, Erie County, New York",129545,56154
1500000US360290095021,360290095021,"Block Group 1, Census Tract 95.02, Erie County, New York",68403,9775
1500000US360290095022,360290095022,"Block Group 2, Census Tract 95.02, Erie County, New York",64973,22633
1500000US360290095023,360290095023,"Block Group 3, Census Tract 95.02, Erie County, New York",60824,8846
1500000US360290095024,360290095024,"Block Group 4, Census Tract 95.02, Erie County, New York",70764,32385
1500000US360290095025,360290095025,"Block Group 5, Census Tract 95.02, Erie County, New York",53299,9503
1500000US360290096001,360290096001,"Block Group 1, Census Tract 96, Erie County, New York",63793,5872
1500000US360290096002,360290096002,"Block Group 2, Census Tract 96, Erie County, New York",65938,21457
1500000US360290096003,360290096003,"Block Group 3, Census Tract 96, Erie County, New York",39408,8652
1500000US360290097011,360290097011,"Block Group 1, Census Tract 97.01, Erie County, New York",48333,9912
1500000US360290097012,360290097012,"Block Group 2, Census Tract 97.01, Erie County, New York",55792,8281
1500000US360290097021,360290097021,"Block Group 1, Census Tract 97.02, Erie County, New York",51957,7733
1500000US360290097022,360290097022,"Block Group 2, Census Tract 97.02, Erie County, New York",57993,4213
1500000US360290097023,360290097023,"Block Group 3, Census Tract 97.02, Erie County, New York",49605,15238
1500000US360290097024,360290097024,"Block Group 4, Census Tract 97.02, Erie County, New York",52670,8797
1500000US360290098001,360290098001,"Block Group 1, Census Tract 98, Erie County, New York",48750,7842
1500000US360290098002,360290098002,"Block Group 2, Census Tract 98, Erie County, New York",49236,9740
1500000US360290099001,360290099001,"Block Group 1, Census Tract 99, Erie County, New York",48750,9377
1500000US360290099002,360290099002,"Block Group 2, Census Tract 99, Erie County, New York",32321,5812
1500000US360290099003,360290099003,"Block Group 3, Census Tract 99, Erie County, New York",47198,8443
1500000US360290100011,360290100011,"Block Group 1, Census Tract 100.01, Erie County, New York",44875,12064
1500000US360290100012,360290100012,"Block Group 2, Census Tract 100.01, Erie County, New York",47292,13391
1500000US360290100021,360290100021,"Block Group 1, Census Tract 100.02, Erie County, New York",47763,14325
1500000US360290100022,360290100022,"Block Group 2, Census Tract 100.02, Erie County, New York",38125,10678
1500000US360290100023,360290100023,"Block Group 3, Census Tract 100.02, Erie County, New York",38088,19400
1500000US360290100031,360290100031,"Block Group 1, Census Tract 100.03, Erie County, New York",49102,6922
1500000US360290100032,360290100032,"Block Group 2, Census Tract 100.03, Erie County, New York",50893,16509
1500000US360290100033,360290100033,"Block Group 3, Census Tract 100.03, Erie County, New York",31274,3660
1500000US360290101011,360290101011,"Block Group 1, Census Tract 101.01, Erie County, New York",57500,24582
1500000US360290101012,360290101012,"Block Group 2, Census Tract 101.01, Erie County, New York",65625,13113
1500000US360290101013,360290101013,"Block Group 3, Census Tract 101.01, Erie County, New York",62703,10704
1500000US360290101014,360290101014,"Block Group 4, Census Tract 101.01, Erie County, New York",50032,13551
1500000US360290101021,360290101021,"Block Group 1, Census Tract 101.02, Erie County, New York",35809,7194
1500000US360290101022,360290101022,"Block Group 2, Census Tract 101.02, Erie County, New York",26552,9088
1500000US360290101023,360290101023,"Block Group 3, Census Tract 101.02, Erie County, New York",32306,7864
1500000US360290101031,360290101031,"Block Group 1, Census Tract 101.03, Erie County, New York",48500,10055
1500000US360290101032,360290101032,"Block Group 2, Census Tract 101.03, Erie County, New York",69097,11453
1500000US360290101033,360290101033,"Block Group 3, Census Tract 101.03, Erie County, New York",39511,13951
1500000US360290102011,360290102011,"Block Group 1, Census Tract 102.01, Erie County, New York",77143,30149
1500000US360290102012,360290102012,"Block Group 2, Census Tract 102.01, Erie County, New York",67953,7984
1500000US360290102013,360290102013,"Block Group 3, Census Tract 102.01, Erie County, New York",73333,22655
1500000US360290102021,360290102021,"Block Group 1, Census Tract 102.02, Erie County, New York",39734,9619
1500000US360290102022,360290102022,"Block Group 2, Census Tract 102.02, Erie County, New York",56250,15130
1500000US360290102023,360290102023,"Block Group 3, Census Tract 102.02, Erie County, New York",32232,22651
1500000US360290103001,360290103001,"Block Group 1, Census Tract 103, Erie County, New York",36250,15953
1500000US360290103002,360290103002,"Block Group 2, Census Tract 103, Erie County, New York",60968,22629
1500000US360290104001,360290104001,"Block Group 1, Census Tract 104, Erie County, New York",34519,4723
1500000US360290104002,360290104002,"Block Group 2, Census Tract 104, Erie County, New York",35932,5527
1500000US360290105001,360290105001,"Block Group 1, Census Tract 105, Erie County, New York",61563,20844
1500000US360290105002,360290105002,"Block Group 2, Census Tract 105, Erie County, New York",50000,21344
1500000US360290105003,360290105003,"Block Group 3, Census Tract 105, Erie County, New York",37222,11340
1500000US360290106001,360290106001,"Block Group 1, Census Tract 106, Erie County, New York",41354,13548
1500000US360290106002,360290106002,"Block Group 2, Census Tract 106, Erie County, New York",53281,11039
1500000US360290107001,360290107001,"Block Group 1, Census Tract 107, Erie County, New York",42222,11933
1500000US360290107002,360290107002,"Block Group 2, Census Tract 107, Erie County, New York",44750,10124
1500000US360290107003,360290107003,"Block Group 3, Census Tract 107, Erie County, New York",43750,27204
1500000US360290108031,360290108031,"Block Group 1, Census Tract 108.03, Erie County, New York",55703,6915
1500000US360290108032,360290108032,"Block Group 2, Census Tract 108.03, Erie County, New York",42396,18288
1500000US360290108041,360290108041,"Block Group 1, Census Tract 108.04, Erie County, New York",47308,12795
1500000US360290108042,360290108042,"Block Group 2, Census Tract 108.04, Erie County, New York",54554,11736
1500000US360290108051,360290108051,"Block Group 1, Census Tract 108.05, Erie County, New York",65052,15797
1500000US360290108052,360290108052,"Block Group 2, Census Tract 108.05, Erie County, New York",51379,3780
1500000US360290108053,360290108053,"Block Group 3, Census Tract 108.05, Erie County, New York",57500,15144
1500000US360290108071,360290108071,"Block Group 1, Census Tract 108.07, Erie County, New York",38950,6518
1500000US360290108072,360290108072,"Block Group 2, Census Tract 108.07, Erie County, New York",62750,29485
1500000US360290108073,360290108073,"Block Group 3, Census Tract 108.07, Erie County, New York",38708,16006
1500000US360290108074,360290108074,"Block Group 4, Census Tract 108.07, Erie County, New York",50192,20658
1500000US360290108081,360290108081,"Block Group 1, Census Tract 108.08, Erie County, New York",42820,11162
1500000US360290108082,360290108082,"Block Group 2, Census Tract 108.08, Erie County, New York",54276,10999
1500000US360290108083,360290108083,"Block Group 3, Census Tract 108.08, Erie County, New York",44500,32429
1500000US360290108084,360290108084,"Block Group 4, Census Tract 108.08, Erie County, New York",53594,36356
1500000US360290108091,360290108091,"Block Group 1, Census Tract 108.09, Erie County, New York",72125,5163
1500000US360290108092,360290108092,"Block Group 2, Census Tract 108.09, Erie County, New York",79063,13200
1500000US360290109011,360290109011,"Block Group 1, Census Tract 109.01, Erie County, New York",41029,15995
1500000US360290109012,360290109012,"Block Group 2, Census Tract 109.01, Erie County, New York",50742,10622
1500000US360290109013,360290109013,"Block Group 3, Census Tract 109.01, Erie County, New York",45245,9822
1500000US360290109021,360290109021,"Block Group 1, Census Tract 109.02, Erie County, New York",25625,16478
1500000US360290109022,360290109022,"Block Group 2, Census Tract 109.02, Erie County, New York",34071,8506
1500000US360290109023,360290109023,"Block Group 3, Census Tract 109.02, Erie County, New York",50858,9384
1500000US360290109024,360290109024,"Block Group 4, Census Tract 109.02, Erie County, New York",18857,10698
1500000US360290110001,360290110001,"Block Group 1, Census Tract 110, Erie County, New York",52813,9264
1500000US360290110002,360290110002,"Block Group 2, Census Tract 110, Erie County, New York",55948,9115
1500000US360290110003,360290110003,"Block Group 3, Census Tract 110, Erie County, New York",29265,11729
1500000US360290111001,360290111001,"Block Group 1, Census Tract 111, Erie County, New York",60043,4624
1500000US360290111002,360290111002,"Block Group 2, Census Tract 111, Erie County, New York",45882,5685
1500000US360290112001,360290112001,"Block Group 1, Census Tract 112, Erie County, New York",46950,3350
1500000US360290112002,360290112002,"Block Group 2, Census Tract 112, Erie County, New York",63673,14883
1500000US360290112003,360290112003,"Block Group 3, Census Tract 112, Erie County, New York",71786,14967
1500000US360290112004,360290112004,"Block Group 4, Census Tract 112, Erie County, New York",73973,15931
1500000US360290113001,360290113001,"Block Group 1, Census Tract 113, Erie County, New York",52113,9722
1500000US360290113002,360290113002,"Block Group 2, Census Tract 113, Erie County, New York",58000,32771
1500000US360290113003,360290113003,"Block Group 3, Census Tract 113, Erie County, New York",60104,16370
1500000US360290114001,360290114001,"Block Group 1, Census Tract 114, Erie County, New York",38882,15701
1500000US360290114002,360290114002,"Block Group 2, Census Tract 114, Erie County, New York",46656,7300
1500000US360290115001,360290115001,"Block Group 1, Census Tract 115, Erie County, New York",38871,4406
1500000US360290115002,360290115002,"Block Group 2, Census Tract 115, Erie County, New York",51923,4321
1500000US360290116001,360290116001,"Block Group 1, Census Tract 116, Erie County, New York",48693,11820
1500000US360290116002,360290116002,"Block Group 2, Census Tract 116, Erie County, New York",56971,5364
1500000US360290117001,360290117001,"Block Group 1, Census Tract 117, Erie County, New York",51750,13449
1500000US360290117002,360290117002,"Block Group 2, Census Tract 117, Erie County, New York",65313,27505
1500000US360290117003,360290117003,"Block Group 3, Census Tract 117, Erie County, New York",49625,10535
1500000US360290118001,360290118001,"Block Group 1, Census Tract 118, Erie County, New York",44583,11220
1500000US360290118002,360290118002,"Block Group 2, Census Tract 118, Erie County, New York",49583,13835
1500000US360290118003,360290118003,"Block Group 3, Census Tract 118, Erie County, New York",41883,7399
1500000US360290120011,360290120011,"Block Group 1, Census Tract 120.01, Erie County, New York",62955,11075
1500000US360290120012,360290120012,"Block Group 2, Census Tract 120.01, Erie County, New York",62554,10852
1500000US360290120013,360290120013,"Block Group 3, Census Tract 120.01, Erie County, New York",69231,25696
1500000US360290120021,360290120021,"Block Group 1, Census Tract 120.02, Erie County, New York",61111,19223
1500000US360290120022,360290120022,"Block Group 2, Census Tract 120.02, Erie County, New York",68438,15004
1500000US360290120031,360290120031,"Block Group 1, Census Tract 120.03, Erie County, New York",71471,10569
1500000US360290120032,360290120032,"Block Group 2, Census Tract 120.03, Erie County, New York",71913,4386
1500000US360290123001,360290123001,"Block Group 1, Census Tract 123, Erie County, New York",26920,18653
1500000US360290123002,360290123002,"Block Group 2, Census Tract 123, Erie County, New York",36050,7483
1500000US360290123003,360290123003,"Block Group 3, Census Tract 123, Erie County, New York",32228,16224
1500000US360290123004,360290123004,"Block Group 4, Census Tract 123, Erie County, New York",39512,6284
1500000US360290124001,360290124001,"Block Group 1, Census Tract 124, Erie County, New York",26929,3696
1500000US360290124002,360290124002,"Block Group 2, Census Tract 124, Erie County, New York",25000,4463
1500000US360290125011,360290125011,"Block Group 1, Census Tract 125.01, Erie County, New York",31765,10686
1500000US360290125012,360290125012,"Block Group 2, Census Tract 125.01, Erie County, New York",46786,34303
1500000US360290125013,360290125013,"Block Group 3, Census Tract 125.01, Erie County, New York",43803,15516
1500000US360290125014,360290125014,"Block Group 4, Census Tract 125.01, Erie County, New York",48462,18786
1500000US360290125015,360290125015,"Block Group 5, Census Tract 125.01, Erie County, New York",37589,17735
1500000US360290125021,360290125021,"Block Group 1, Census Tract 125.02, Erie County, New York",56932,9850
1500000US360290125022,360290125022,"Block Group 2, Census Tract 125.02, Erie County, New York",54792,11347
1500000US360290128001,360290128001,"Block Group 1, Census Tract 128, Erie County, New York",43295,8992
1500000US360290128002,360290128002,"Block Group 2, Census Tract 128, Erie County, New York",34000,17459
1500000US360290128003,360290128003,"Block Group 3, Census Tract 128, Erie County, New York",59722,7487
1500000US360290129011,360290129011,"Block Group 1, Census Tract 129.01, Erie County, New York",55580,30556
1500000US360290129012,360290129012,"Block Group 2, Census Tract 129.01, Erie County, New York",45865,16448
1500000US360290129013,360290129013,"Block Group 3, Census Tract 129.01, Erie County, New York",54607,12076
1500000US360290129014,360290129014,"Block Group 4, Census Tract 129.01, Erie County, New York",51157,19560
1500000US360290129015,360290129015,"Block Group 5, Census Tract 129.01, Erie County, New York",45417,10424
1500000US360290129021,360290129021,"Block Group 1, Census Tract 129.02, Erie County, New York",85972,15323
1500000US360290129022,360290129022,"Block Group 2, Census Tract 129.02, Erie County, New York",41071,17893
1500000US360290130011,360290130011,"Block Group 1, Census Tract 130.01, Erie County, New York",51250,23442
1500000US360290130012,360290130012,"Block Group 2, Census Tract 130.01, Erie County, New York",41635,13240
1500000US360290130013,360290130013,"Block Group 3, Census Tract 130.01, Erie County, New York",57826,26030
1500000US360290130014,360290130014,"Block Group 4, Census Tract 130.01, Erie County, New York",50781,32640
1500000US360290130021,360290130021,"Block Group 1, Census Tract 130.02, Erie County, New York",44886,14253
1500000US360290130022,360290130022,"Block Group 2, Census Tract 130.02, Erie County, New York",77059,28667
1500000US360290130023,360290130023,"Block Group 3, Census Tract 130.02, Erie County, New York",41089,9286
1500000US360290131011,360290131011,"Block Group 1, Census Tract 131.01, Erie County, New York",106375,4347
1500000US360290131012,360290131012,"Block Group 2, Census Tract 131.01, Erie County, New York",44856,11807
1500000US360290131013,360290131013,"Block Group 3, Census Tract 131.01, Erie County, New York",45536,23722
1500000US360290131014,360290131014,"Block Group 4, Census Tract 131.01, Erie County, New York",56719,28820
1500000US360290131015,360290131015,"Block Group 5, Census Tract 131.01, Erie County, New York",102240,16664
1500000US360290131021,360290131021,"Block Group 1, Census Tract 131.02, Erie County, New York",93304,8882
1500000US360290131022,360290131022,"Block Group 2, Census Tract 131.02, Erie County, New York",75572,6708
1500000US360290131023,360290131023,"Block Group 3, Census Tract 131.02, Erie County, New York",77991,24512
1500000US360290131024,360290131024,"Block Group 4, Census Tract 131.02, Erie County, New York",106250,21050
1500000US360290131025,360290131025,"Block Group 5, Census Tract 131.02, Erie County, New York",93029,8616
1500000US360290132011,360290132011,"Block Group 1, Census Tract 132.01, Erie County, New York",52219,9605
1500000US360290132012,360290132012,"Block Group 2, Census Tract 132.01, Erie County, New York",71077,10723
1500000US360290132013,360290132013,"Block Group 3, Census Tract 132.01, Erie County, New York",60104,14450
1500000US360290132021,360290132021,"Block Group 1, Census Tract 132.02, Erie County, New York",73542,16320
1500000US360290132022,360290132022,"Block Group 2, Census Tract 132.02, Erie County, New York",94583,10338
1500000US360290133001,360290133001,"Block Group 1, Census Tract 133, Erie County, New York",93102,12210
1500000US360290133002,360290133002,"Block Group 2, Census Tract 133, Erie County, New York",31250,18343
1500000US360290133003,360290133003,"Block Group 3, Census Tract 133, Erie County, New York",65750,37504
1500000US360290133004,360290133004,"Block Group 4, Census Tract 133, Erie County, New York",74000,13636
1500000US360290134001,360290134001,"Block Group 1, Census Tract 134, Erie County, New York",77500,25593
1500000US360290134002,360290134002,"Block Group 2, Census Tract 134, Erie County, New York",75688,38930
1500000US360290134003,360290134003,"Block Group 3, Census Tract 134, Erie County, New York",59904,26894
1500000US360290134004,360290134004,"Block Group 4, Census Tract 134, Erie County, New York",74929,30329
1500000US360290134005,360290134005,"Block Group 5, Census Tract 134, Erie County, New York",62705,12327
1500000US360290135011,360290135011,"Block Group 1, Census Tract 135.01, Erie County, New York",87686,14045
1500000US360290135012,360290135012,"Block Group 2, Census Tract 135.01, Erie County, New York",90595,21560
1500000US360290135013,360290135013,"Block Group 3, Census Tract 135.01, Erie County, New York",78661,22564
1500000US360290135021,360290135021,"Block Group 1, Census Tract 135.02, Erie County, New York",131000,37539
1500000US360290135022,360290135022,"Block Group 2, Census Tract 135.02, Erie County, New York",150577,39685
1500000US360290135023,360290135023,"Block Group 3, Census Tract 135.02, Erie County, New York",160268,42293
1500000US360290135024,360290135024,"Block Group 4, Census Tract 135.02, Erie County, New York",83026,18113
1500000US360290136001,360290136001,"Block Group 1, Census Tract 136, Erie County, New York",92417,13279
1500000US360290136002,360290136002,"Block Group 2, Census Tract 136, Erie County, New York",62188,8300
1500000US360290136003,360290136003,"Block Group 3, Census Tract 136, Erie County, New York",85972,47261
1500000US360290137011,360290137011,"Block Group 1, Census Tract 137.01, Erie County, New York",91425,10799
1500000US360290137012,360290137012,"Block Group 2, Census Tract 137.01, Erie County, New York",55430,10419
1500000US360290137013,360290137013,"Block Group 3, Census Tract 137.01, Erie County, New York",50769,16422
1500000US360290137014,360290137014,"Block Group 4, Census Tract 137.01, Erie County, New York",72292,17424
1500000US360290137021,360290137021,"Block Group 1, Census Tract 137.02, Erie County, New York",119005,17445
1500000US360290137022,360290137022,"Block Group 2, Census Tract 137.02, Erie County, New York",62316,11958
1500000US360290138001,360290138001,"Block Group 1, Census Tract 138, Erie County, New York",71225,13764
1500000US360290138002,360290138002,"Block Group 2, Census Tract 138, Erie County, New York",87596,83395
1500000US360290138003,360290138003,"Block Group 3, Census Tract 138, Erie County, New York",77023,15288
1500000US360290138004,360290138004,"Block Group 4, Census Tract 138, Erie County, New York",79500,71997
1500000US360290138005,360290138005,"Block Group 5, Census Tract 138, Erie County, New York",106429,18598
1500000US360290139001,360290139001,"Block Group 1, Census Tract 139, Erie County, New York",62826,5990
1500000US360290140001,360290140001,"Block Group 1, Census Tract 140, Erie County, New York",86354,12691
1500000US360290140002,360290140002,"Block Group 2, Census Tract 140, Erie County, New York",65000,18191
1500000US360290141011,360290141011,"Block Group 1, Census Tract 141.01, Erie County, New York",86548,21841
1500000US360290141012,360290141012,"Block Group 2, Census Tract 141.01, Erie County, New York",85417,17325
1500000US360290141013,360290141013,"Block Group 3, Census Tract 141.01, Erie County, New York",58984,15947
1500000US360290141021,360290141021,"Block Group 1, Census Tract 141.02, Erie County, New York",69395,26594
1500000US360290141022,360290141022,"Block Group 2, Census Tract 141.02, Erie County, New York",84107,13073
1500000US360290142041,360290142041,"Block Group 1, Census Tract 142.04, Erie County, New York",55773,6300
1500000US360290142042,360290142042,"Block Group 2, Census Tract 142.04, Erie County, New York",55469,21470
1500000US360290142061,360290142061,"Block Group 1, Census Tract 142.06, Erie County, New York",128125,36667
1500000US360290142062,360290142062,"Block Group 2, Census Tract 142.06, Erie County, New York",103884,34499
1500000US360290142063,360290142063,"Block Group 3, Census Tract 142.06, Erie County, New York",89083,10746
1500000US360290142071,360290142071,"Block Group 1, Census Tract 142.07, Erie County, New York",67273,9553
1500000US360290142072,360290142072,"Block Group 2, Census Tract 142.07, Erie County, New York",96200,18763
1500000US360290142073,360290142073,"Block Group 3, Census Tract 142.07, Erie County, New York",68700,8373
1500000US360290142081,360290142081,"Block Group 1, Census Tract 142.08, Erie County, New York",66959,20125
1500000US360290142082,360290142082,"Block Group 2, Census Tract 142.08, Erie County, New York",88072,11199
1500000US360290142083,360290142083,"Block Group 3, Census Tract 142.08, Erie County, New York",112969,13084
1500000US360290142091,360290142091,"Block Group 1, Census Tract 142.09, Erie County, New York",60781,34339
1500000US360290142092,360290142092,"Block Group 2, Census Tract 142.09, Erie County, New York",93429,10064
1500000US360290142093,360290142093,"Block Group 3, Census Tract 142.09, Erie County, New York",115000,17720
1500000US360290143001,360290143001,"Block Group 1, Census Tract 143, Erie County, New York",79674,55159
1500000US360290143002,360290143002,"Block Group 2, Census Tract 143, Erie County, New York",46771,10640
1500000US360290143003,360290143003,"Block Group 3, Census Tract 143, Erie County, New York",51328,16892
1500000US360290143004,360290143004,"Block Group 4, Census Tract 143, Erie County, New York",55369,19567
1500000US360290143005,360290143005,"Block Group 5, Census Tract 143, Erie County, New York",51726,24849
1500000US360290144001,360290144001,"Block Group 1, Census Tract 144, Erie County, New York",31806,8176
1500000US360290144002,360290144002,"Block Group 2, Census Tract 144, Erie County, New York",65069,20780
1500000US360290144003,360290144003,"Block Group 3, Census Tract 144, Erie County, New York",57961,17756
1500000US360290144004,360290144004,"Block Group 4, Census Tract 144, Erie County, New York",47895,8123
1500000US360290145011,360290145011,"Block Group 1, Census Tract 145.01, Erie County, New York",60313,12085
1500000US360290145012,360290145012,"Block Group 2, Census Tract 145.01, Erie County, New York",57333,20453
1500000US360290145021,360290145021,"Block Group 1, Census Tract 145.02, Erie County, New York",32226,10107
1500000US360290145022,360290145022,"Block Group 2, Census Tract 145.02, Erie County, New York",37399,18497
1500000US360290146011,360290146011,"Block Group 1, Census Tract 146.01, Erie County, New York",46658,8841
1500000US360290146012,360290146012,"Block Group 2, Census Tract 146.01, Erie County, New York",95829,9772
1500000US360290146013,360290146013,"Block Group 3, Census Tract 146.01, Erie County, New York",79728,71862
1500000US360290146014,360290146014,"Block Group 4, Census Tract 146.01, Erie County, New York",53426,16362
1500000US360290146031,360290146031,"Block Group 1, Census Tract 146.03, Erie County, New York",119773,20970
1500000US360290146032,360290146032,"Block Group 2, Census Tract 146.03, Erie County, New York",110083,21103
1500000US360290146033,360290146033,"Block Group 3, Census Tract 146.03, Erie County, New York",99321,45703
1500000US360290146041,360290146041,"Block Group 1, Census Tract 146.04, Erie County, New York",121185,19595
1500000US360290146042,360290146042,"Block Group 2, Census Tract 146.04, Erie County, New York",92015,22045
1500000US360290146043,360290146043,"Block Group 3, Census Tract 146.04, Erie County, New York",137014,46211
1500000US360290146044,360290146044,"Block Group 4, Census Tract 146.04, Erie County, New York",92617,37358
1500000US360290147011,360290147011,"Block Group 1, Census Tract 147.01, Erie County, New York",75583,7551
1500000US360290147012,360290147012,"Block Group 2, Census Tract 147.01, Erie County, New York",121667,27876
1500000US360290147013,360290147013,"Block Group 3, Census Tract 147.01, Erie County, New York",82180,9267
1500000US360290147021,360290147021,"Block Group 1, Census Tract 147.02, Erie County, New York",61250,30805
1500000US360290147022,360290147022,"Block Group 2, Census Tract 147.02, Erie County, New York",68371,27910
1500000US360290147023,360290147023,"Block Group 3, Census Tract 147.02, Erie County, New York",146328,22865
1500000US360290147024,360290147024,"Block Group 4, Census Tract 147.02, Erie County, New York",54583,11741
1500000US360290147025,360290147025,"Block Group 5, Census Tract 147.02, Erie County, New York",90357,19643
1500000US360290148011,360290148011,"Block Group 1, Census Tract 148.01, Erie County, New York",52072,16461
1500000US360290148012,360290148012,"Block Group 2, Census Tract 148.01, Erie County, New York",42074,9916
1500000US360290148031,360290148031,"Block Group 1, Census Tract 148.03, Erie County, New York",62857,32035
1500000US360290148032,360290148032,"Block Group 2, Census Tract 148.03, Erie County, New York",66500,31726
1500000US360290148033,360290148033,"Block Group 3, Census Tract 148.03, Erie County, New York",59432,10484
1500000US360290148034,360290148034,"Block Group 4, Census Tract 148.03, Erie County, New York",55385,13816
1500000US360290149011,360290149011,"Block Group 1, Census Tract 149.01, Erie County, New York",54766,15644
1500000US360290149012,360290149012,"Block Group 2, Census Tract 149.01, Erie County, New York",50469,4612
1500000US360290149031,360290149031,"Block Group 1, Census Tract 149.03, Erie County, New York",65524,10802
1500000US360290149032,360290149032,"Block Group 2, Census Tract 149.03, Erie County, New York",73295,19330
1500000US360290149033,360290149033,"Block Group 3, Census Tract 149.03, Erie County, New York",65673,11124
1500000US360290149034,360290149034,"Block Group 4, Census Tract 149.03, Erie County, New York",88816,28694
1500000US360290149041,360290149041,"Block Group 1, Census Tract 149.04, Erie County, New York",-,**
1500000US360290150011,360290150011,"Block Group 1, Census Tract 150.01, Erie County, New York",71667,18754
1500000US360290150012,360290150012,"Block Group 2, Census Tract 150.01, Erie County, New York",91346,10999
1500000US360290150013,360290150013,"Block Group 3, Census Tract 150.01, Erie County, New York",46652,19485
1500000US360290150021,360290150021,"Block Group 1, Census Tract 150.02, Erie County, New York",68750,7782
1500000US360290150022,360290150022,"Block Group 2, Census Tract 150.02, Erie County, New York",63409,25578
1500000US360290150031,360290150031,"Block Group 1, Census Tract 150.03, Erie County, New York",56310,8975
1500000US360290150032,360290150032,"Block Group 2, Census Tract 150.03, Erie County, New York",62969,14656
1500000US360290151011,360290151011,"Block Group 1, Census Tract 151.01, Erie County, New York",64152,17242
1500000US360290151012,360290151012,"Block Group 2, Census Tract 151.01, Erie County, New York",63068,29361
1500000US360290151013,360290151013,"Block Group 3, Census Tract 151.01, Erie County, New York",64095,17905
1500000US360290151021,360290151021,"Block Group 1, Census Tract 151.02, Erie County, New York",61902,4625
1500000US360290151022,360290151022,"Block Group 2, Census Tract 151.02, Erie County, New York",54688,12422
1500000US360290152011,360290152011,"Block Group 1, Census Tract 152.01, Erie County, New York",79464,32781
1500000US360290152012,360290152012,"Block Group 2, Census Tract 152.01, Erie County, New York",71923,7949
1500000US360290152021,360290152021,"Block Group 1, Census Tract 152.02, Erie County, New York",86025,13812
1500000US360290152022,360290152022,"Block Group 2, Census Tract 152.02, Erie County, New York",47746,10219
1500000US360290152023,360290152023,"Block Group 3, Census Tract 152.02, Erie County, New York",65536,10668
1500000US360290153011,360290153011,"Block Group 1, Census Tract 153.01, Erie County, New York",42153,16620
1500000US360290153012,360290153012,"Block Group 2, Census Tract 153.01, Erie County, New York",56875,11704
1500000US360290153013,360290153013,"Block Group 3, Census Tract 153.01, Erie County, New York",76397,18493
1500000US360290153021,360290153021,"Block Group 1, Census Tract 153.02, Erie County, New York",73056,13227
1500000US360290153022,360290153022,"Block Group 2, Census Tract 153.02, Erie County, New York",59844,11221
1500000US360290153023,360290153023,"Block Group 3, Census Tract 153.02, Erie County, New York",46667,7336
1500000US360290154011,360290154011,"Block Group 1, Census Tract 154.01, Erie County, New York",65500,10105
1500000US360290154012,360290154012,"Block Group 2, Census Tract 154.01, Erie County, New York",48194,13828
1500000US360290154021,360290154021,"Block Group 1, Census Tract 154.02, Erie County, New York",62344,33784
1500000US360290154022,360290154022,"Block Group 2, Census Tract 154.02, Erie County, New York",54438,25489
1500000US360290154023,360290154023,"Block Group 3, Census Tract 154.02, Erie County, New York",64160,7266
1500000US360290154024,360290154024,"Block Group 4, Census Tract 154.02, Erie County, New York",45968,20767
1500000US360290155011,360290155011,"Block Group 1, Census Tract 155.01, Erie County, New York",52950,15263
1500000US360290155031,360290155031,"Block Group 1, Census Tract 155.03, Erie County, New York",50926,14456
1500000US360290155032,360290155032,"Block Group 2, Census Tract 155.03, Erie County, New York",39728,12677
1500000US360290155041,360290155041,"Block Group 1, Census Tract 155.04, Erie County, New York",54740,11721
1500000US360290155042,360290155042,"Block Group 2, Census Tract 155.04, Erie County, New York",69500,5919
1500000US360290155043,360290155043,"Block Group 3, Census Tract 155.04, Erie County, New York",48750,10059
1500000US360290155044,360290155044,"Block Group 4, Census Tract 155.04, Erie County, New York",52409,13545
1500000US360290156001,360290156001,"Block Group 1, Census Tract 156, Erie County, New York",67143,13530
1500000US360290156002,360290156002,"Block Group 2, Census Tract 156, Erie County, New York",51000,18928
1500000US360290157001,360290157001,"Block Group 1, Census Tract 157, Erie County, New York",68990,5955
1500000US360290157002,360290157002,"Block Group 2, Census Tract 157, Erie County, New York",67813,18979
1500000US360290157003,360290157003,"Block Group 3, Census Tract 157, Erie County, New York",61544,9480
1500000US360290157004,360290157004,"Block Group 4, Census Tract 157, Erie County, New York",53102,17025
1500000US360290158001,360290158001,"Block Group 1, Census Tract 158, Erie County, New York",58750,10139
1500000US360290158002,360290158002,"Block Group 2, Census Tract 158, Erie County, New York",50125,13228
1500000US360290159001,360290159001,"Block Group 1, Census Tract 159, Erie County, New York",48409,4699
1500000US360290159002,360290159002,"Block Group 2, Census Tract 159, Erie County, New York",46927,10956
1500000US360290161001,360290161001,"Block Group 1, Census Tract 161, Erie County, New York",-,**
1500000US360290162001,360290162001,"Block Group 1, Census Tract 162, Erie County, New York",34213,6997
1500000US360290162002,360290162002,"Block Group 2, Census Tract 162, Erie County, New York",54306,11120
1500000US360290163001,360290163001,"Block Group 1, Census Tract 163, Erie County, New York",22250,8986
1500000US360290163003,360290163003,"Block Group 3, Census Tract 163, Erie County, New York",27207,9011
1500000US360290164001,360290164001,"Block Group 1, Census Tract 164, Erie County, New York",11325,1011
1500000US360290164002,360290164002,"Block Group 2, Census Tract 164, Erie County, New York",25938,20628
1500000US360290164003,360290164003,"Block Group 3, Census Tract 164, Erie County, New York",20662,16547
1500000US360290164004,360290164004,"Block Group 4, Census Tract 164, Erie County, New York",31853,18729
1500000US360290165001,360290165001,"Block Group 1, Census Tract 165, Erie County, New York",55568,14869
1500000US360290166001,360290166001,"Block Group 1, Census Tract 166, Erie County, New York",28983,11308
1500000US360290166002,360290166002,"Block Group 2, Census Tract 166, Erie County, New York",13846,3459
1500000US360290166003,360290166003,"Block Group 3, Census Tract 166, Erie County, New York",27833,7976
1500000US360290166004,360290166004,"Block Group 4, Census Tract 166, Erie County, New York",24531,22465
1500000US360290167001,360290167001,"Block Group 1, Census Tract 167, Erie County, New York",31458,15577
1500000US360290167002,360290167002,"Block Group 2, Census Tract 167, Erie County, New York",37898,14207
1500000US360290167003,360290167003,"Block Group 3, Census Tract 167, Erie County, New York",32961,11698
1500000US360290168001,360290168001,"Block Group 1, Census Tract 168, Erie County, New York",23222,11149
1500000US360290168002,360290168002,"Block Group 2, Census Tract 168, Erie County, New York",19833,2858
1500000US360290168003,360290168003,"Block Group 3, Census Tract 168, Erie County, New York",13478,8538
1500000US360290168004,360290168004,"Block Group 4, Census Tract 168, Erie County, New York",25128,6523
1500000US360290169001,360290169001,"Block Group 1, Census Tract 169, Erie County, New York",66375,29714
1500000US360290169002,360290169002,"Block Group 2, Census Tract 169, Erie County, New York",43750,16033
1500000US360290169003,360290169003,"Block Group 3, Census Tract 169, Erie County, New York",54359,15797
1500000US360290169004,360290169004,"Block Group 4, Census Tract 169, Erie County, New York",29706,11189
1500000US360290170001,360290170001,"Block Group 1, Census Tract 170, Erie County, New York",35278,9806
1500000US360290170002,360290170002,"Block Group 2, Census Tract 170, Erie County, New York",27596,6944
1500000US360290171001,360290171001,"Block Group 1, Census Tract 171, Erie County, New York",16588,2007
1500000US360290171002,360290171002,"Block Group 2, Census Tract 171, Erie County, New York",24856,16692
1500000US360290171003,360290171003,"Block Group 3, Census Tract 171, Erie County, New York",24130,9454
1500000US360290171004,360290171004,"Block Group 4, Census Tract 171, Erie County, New York",26167,13502
1500000US360290171005,360290171005,"Block Group 5, Census Tract 171, Erie County, New York",31913,5647
1500000US360290172001,360290172001,"Block Group 1, Census Tract 172, Erie County, New York",52228,9252
1500000US360290172002,360290172002,"Block Group 2, Census Tract 172, Erie County, New York",14046,3981
1500000US360290172003,360290172003,"Block Group 3, Census Tract 172, Erie County, New York",49250,27424
1500000US360290173001,360290173001,"Block Group 1, Census Tract 173, Erie County, New York",85025,19643
1500000US360290173002,360290173002,"Block Group 2, Census Tract 173, Erie County, New York",60081,19764
1500000US360290173003,360290173003,"Block Group 3, Census Tract 173, Erie County, New York",81964,13906
1500000US360290173004,360290173004,"Block Group 4, Census Tract 173, Erie County, New York",64132,24853
1500000US360290174001,360290174001,"Block Group 1, Census Tract 174, Erie County, New York",25085,13463
1500000US360290174002,360290174002,"Block Group 2, Census Tract 174, Erie County, New York",42153,25395
1500000US360290174003,360290174003,"Block Group 3, Census Tract 174, Erie County, New York",18235,7139
1500000US360290174004,360290174004,"Block Group 4, Census Tract 174, Erie County, New York",17577,3404
1500000US360290175011,360290175011,"Block Group 1, Census Tract 175.01, Erie County, New York",37679,16735
1500000US360290175012,360290175012,"Block Group 2, Census Tract 175.01, Erie County, New York",42014,13797
1500000US360290175021,360290175021,"Block Group 1, Census Tract 175.02, Erie County, New York",70388,19566
1500000US360290175022,360290175022,"Block Group 2, Census Tract 175.02, Erie County, New York",60964,3198
1500000US360299400001,360299400001,"Block Group 1, Census Tract 9400, Erie County, New York",36250,9517
1500000US360299400002,360299400002,"Block Group 2, Census Tract 9400, Erie County, New York",25972,7488
1500000US360299401001,360299401001,"Block Group 1, Census Tract 9401, Erie County, New York",-,**
1500000US360299900000,360299900000,"Block Group 0, Census Tract 9900, Erie County, New York",-,**
