GEO.id,GEO.id2,GEO.display-label,HD01_VD01,HD01_VD02
Id,Id2,Geography,Estimate; Total:,Estimate; Total: - White alone
1500000US360290001101,360290001101,"Block Group 1, Census Tract 1.10, Erie County, New York",446,432
1500000US360290001102,360290001102,"Block Group 2, Census Tract 1.10, Erie County, New York",0,0
1500000US360290001103,360290001103,"Block Group 3, Census Tract 1.10, Erie County, New York",1091,472
1500000US360290001104,360290001104,"Block Group 4, Census Tract 1.10, Erie County, New York",1317,1121
1500000US360290002001,360290002001,"Block Group 1, Census Tract 2, Erie County, New York",1358,1087
1500000US360290002002,360290002002,"Block Group 2, Census Tract 2, Erie County, New York",664,498
1500000US360290002003,360290002003,"Block Group 3, Census Tract 2, Erie County, New York",1151,1076
1500000US360290002004,360290002004,"Block Group 4, Census Tract 2, Erie County, New York",977,688
1500000US360290005001,360290005001,"Block Group 1, Census Tract 5, Erie County, New York",870,766
1500000US360290005002,360290005002,"Block Group 2, Census Tract 5, Erie County, New York",1206,1012
1500000US360290006001,360290006001,"Block Group 1, Census Tract 6, Erie County, New York",1639,1583
1500000US360290006002,360290006002,"Block Group 2, Census Tract 6, Erie County, New York",1023,1022
1500000US360290006003,360290006003,"Block Group 3, Census Tract 6, Erie County, New York",1079,769
1500000US360290006004,360290006004,"Block Group 4, Census Tract 6, Erie County, New York",769,548
1500000US360290007001,360290007001,"Block Group 1, Census Tract 7, Erie County, New York",637,637
1500000US360290007002,360290007002,"Block Group 2, Census Tract 7, Erie County, New York",717,678
1500000US360290007003,360290007003,"Block Group 3, Census Tract 7, Erie County, New York",722,681
1500000US360290007004,360290007004,"Block Group 4, Census Tract 7, Erie County, New York",1036,1021
1500000US360290007005,360290007005,"Block Group 5, Census Tract 7, Erie County, New York",660,649
1500000US360290008001,360290008001,"Block Group 1, Census Tract 8, Erie County, New York",783,776
1500000US360290008002,360290008002,"Block Group 2, Census Tract 8, Erie County, New York",1547,1443
1500000US360290008003,360290008003,"Block Group 3, Census Tract 8, Erie County, New York",1819,1690
1500000US360290008004,360290008004,"Block Group 4, Census Tract 8, Erie County, New York",580,573
1500000US360290009001,360290009001,"Block Group 1, Census Tract 9, Erie County, New York",402,372
1500000US360290009002,360290009002,"Block Group 2, Census Tract 9, Erie County, New York",983,886
1500000US360290009003,360290009003,"Block Group 3, Census Tract 9, Erie County, New York",1026,949
1500000US360290010001,360290010001,"Block Group 1, Census Tract 10, Erie County, New York",1222,1046
1500000US360290010002,360290010002,"Block Group 2, Census Tract 10, Erie County, New York",673,673
1500000US360290010003,360290010003,"Block Group 3, Census Tract 10, Erie County, New York",1108,1051
1500000US360290010004,360290010004,"Block Group 4, Census Tract 10, Erie County, New York",591,523
1500000US360290010005,360290010005,"Block Group 5, Census Tract 10, Erie County, New York",1566,1415
1500000US360290011001,360290011001,"Block Group 1, Census Tract 11, Erie County, New York",1185,1130
1500000US360290011002,360290011002,"Block Group 2, Census Tract 11, Erie County, New York",610,551
1500000US360290011003,360290011003,"Block Group 3, Census Tract 11, Erie County, New York",1066,850
1500000US360290014021,360290014021,"Block Group 1, Census Tract 14.02, Erie County, New York",751,0
1500000US360290014022,360290014022,"Block Group 2, Census Tract 14.02, Erie County, New York",340,0
1500000US360290014023,360290014023,"Block Group 3, Census Tract 14.02, Erie County, New York",1131,51
1500000US360290014024,360290014024,"Block Group 4, Census Tract 14.02, Erie County, New York",648,108
1500000US360290015001,360290015001,"Block Group 1, Census Tract 15, Erie County, New York",431,36
1500000US360290015002,360290015002,"Block Group 2, Census Tract 15, Erie County, New York",1091,89
1500000US360290016001,360290016001,"Block Group 1, Census Tract 16, Erie County, New York",458,130
1500000US360290016002,360290016002,"Block Group 2, Census Tract 16, Erie County, New York",722,148
1500000US360290016003,360290016003,"Block Group 3, Census Tract 16, Erie County, New York",199,37
1500000US360290016004,360290016004,"Block Group 4, Census Tract 16, Erie County, New York",624,153
1500000US360290017001,360290017001,"Block Group 1, Census Tract 17, Erie County, New York",997,667
1500000US360290017002,360290017002,"Block Group 2, Census Tract 17, Erie County, New York",668,358
1500000US360290019001,360290019001,"Block Group 1, Census Tract 19, Erie County, New York",1221,1119
1500000US360290019002,360290019002,"Block Group 2, Census Tract 19, Erie County, New York",1211,1193
1500000US360290019003,360290019003,"Block Group 3, Census Tract 19, Erie County, New York",544,320
1500000US360290023001,360290023001,"Block Group 1, Census Tract 23, Erie County, New York",661,594
1500000US360290023002,360290023002,"Block Group 2, Census Tract 23, Erie County, New York",918,683
1500000US360290023003,360290023003,"Block Group 3, Census Tract 23, Erie County, New York",920,920
1500000US360290023004,360290023004,"Block Group 4, Census Tract 23, Erie County, New York",878,663
1500000US360290024001,360290024001,"Block Group 1, Census Tract 24, Erie County, New York",409,173
1500000US360290024002,360290024002,"Block Group 2, Census Tract 24, Erie County, New York",372,108
1500000US360290024003,360290024003,"Block Group 3, Census Tract 24, Erie County, New York",1064,986
1500000US360290024004,360290024004,"Block Group 4, Census Tract 24, Erie County, New York",1174,864
1500000US360290024005,360290024005,"Block Group 5, Census Tract 24, Erie County, New York",859,587
1500000US360290024006,360290024006,"Block Group 6, Census Tract 24, Erie County, New York",551,524
1500000US360290025021,360290025021,"Block Group 1, Census Tract 25.02, Erie County, New York",974,159
1500000US360290025022,360290025022,"Block Group 2, Census Tract 25.02, Erie County, New York",1045,38
1500000US360290027021,360290027021,"Block Group 1, Census Tract 27.02, Erie County, New York",731,187
1500000US360290027022,360290027022,"Block Group 2, Census Tract 27.02, Erie County, New York",286,23
1500000US360290027023,360290027023,"Block Group 3, Census Tract 27.02, Erie County, New York",1049,42
1500000US360290027024,360290027024,"Block Group 4, Census Tract 27.02, Erie County, New York",534,165
1500000US360290028001,360290028001,"Block Group 1, Census Tract 28, Erie County, New York",309,78
1500000US360290028002,360290028002,"Block Group 2, Census Tract 28, Erie County, New York",517,247
1500000US360290028003,360290028003,"Block Group 3, Census Tract 28, Erie County, New York",383,102
1500000US360290028004,360290028004,"Block Group 4, Census Tract 28, Erie County, New York",886,156
1500000US360290029001,360290029001,"Block Group 1, Census Tract 29, Erie County, New York",432,58
1500000US360290029002,360290029002,"Block Group 2, Census Tract 29, Erie County, New York",499,136
1500000US360290029003,360290029003,"Block Group 3, Census Tract 29, Erie County, New York",685,10
1500000US360290029004,360290029004,"Block Group 4, Census Tract 29, Erie County, New York",385,9
1500000US360290030001,360290030001,"Block Group 1, Census Tract 30, Erie County, New York",625,105
1500000US360290030002,360290030002,"Block Group 2, Census Tract 30, Erie County, New York",1117,169
1500000US360290030003,360290030003,"Block Group 3, Census Tract 30, Erie County, New York",837,77
1500000US360290031001,360290031001,"Block Group 1, Census Tract 31, Erie County, New York",336,9
1500000US360290031002,360290031002,"Block Group 2, Census Tract 31, Erie County, New York",332,9
1500000US360290031003,360290031003,"Block Group 3, Census Tract 31, Erie County, New York",1037,166
1500000US360290031004,360290031004,"Block Group 4, Census Tract 31, Erie County, New York",338,59
1500000US360290033011,360290033011,"Block Group 1, Census Tract 33.01, Erie County, New York",855,154
1500000US360290033012,360290033012,"Block Group 2, Census Tract 33.01, Erie County, New York",818,0
1500000US360290033013,360290033013,"Block Group 3, Census Tract 33.01, Erie County, New York",1254,0
1500000US360290033014,360290033014,"Block Group 4, Census Tract 33.01, Erie County, New York",933,14
1500000US360290033021,360290033021,"Block Group 1, Census Tract 33.02, Erie County, New York",520,14
1500000US360290033022,360290033022,"Block Group 2, Census Tract 33.02, Erie County, New York",830,93
1500000US360290033023,360290033023,"Block Group 3, Census Tract 33.02, Erie County, New York",1100,12
1500000US360290033024,360290033024,"Block Group 4, Census Tract 33.02, Erie County, New York",720,0
1500000US360290034001,360290034001,"Block Group 1, Census Tract 34, Erie County, New York",484,0
1500000US360290034002,360290034002,"Block Group 2, Census Tract 34, Erie County, New York",714,0
1500000US360290034003,360290034003,"Block Group 3, Census Tract 34, Erie County, New York",492,38
1500000US360290034004,360290034004,"Block Group 4, Census Tract 34, Erie County, New York",286,0
1500000US360290034005,360290034005,"Block Group 5, Census Tract 34, Erie County, New York",361,3
1500000US360290035001,360290035001,"Block Group 1, Census Tract 35, Erie County, New York",250,76
1500000US360290035002,360290035002,"Block Group 2, Census Tract 35, Erie County, New York",616,8
1500000US360290035003,360290035003,"Block Group 3, Census Tract 35, Erie County, New York",1305,7
1500000US360290035004,360290035004,"Block Group 4, Census Tract 35, Erie County, New York",809,24
1500000US360290036001,360290036001,"Block Group 1, Census Tract 36, Erie County, New York",925,133
1500000US360290036002,360290036002,"Block Group 2, Census Tract 36, Erie County, New York",622,0
1500000US360290036003,360290036003,"Block Group 3, Census Tract 36, Erie County, New York",767,150
1500000US360290036004,360290036004,"Block Group 4, Census Tract 36, Erie County, New York",392,73
1500000US360290037001,360290037001,"Block Group 1, Census Tract 37, Erie County, New York",1138,120
1500000US360290037002,360290037002,"Block Group 2, Census Tract 37, Erie County, New York",1246,135
1500000US360290037003,360290037003,"Block Group 3, Census Tract 37, Erie County, New York",310,68
1500000US360290037004,360290037004,"Block Group 4, Census Tract 37, Erie County, New York",1139,53
1500000US360290037005,360290037005,"Block Group 5, Census Tract 37, Erie County, New York",503,60
1500000US360290038001,360290038001,"Block Group 1, Census Tract 38, Erie County, New York",996,149
1500000US360290038002,360290038002,"Block Group 2, Census Tract 38, Erie County, New York",953,76
1500000US360290038003,360290038003,"Block Group 3, Census Tract 38, Erie County, New York",1059,102
1500000US360290039011,360290039011,"Block Group 1, Census Tract 39.01, Erie County, New York",987,19
1500000US360290040011,360290040011,"Block Group 1, Census Tract 40.01, Erie County, New York",1198,9
1500000US360290040012,360290040012,"Block Group 2, Census Tract 40.01, Erie County, New York",687,138
1500000US360290040013,360290040013,"Block Group 3, Census Tract 40.01, Erie County, New York",1064,9
1500000US360290040014,360290040014,"Block Group 4, Census Tract 40.01, Erie County, New York",797,67
1500000US360290040015,360290040015,"Block Group 5, Census Tract 40.01, Erie County, New York",839,584
1500000US360290041001,360290041001,"Block Group 1, Census Tract 41, Erie County, New York",1407,29
1500000US360290041002,360290041002,"Block Group 2, Census Tract 41, Erie County, New York",902,74
1500000US360290041003,360290041003,"Block Group 3, Census Tract 41, Erie County, New York",897,99
1500000US360290041004,360290041004,"Block Group 4, Census Tract 41, Erie County, New York",1223,220
1500000US360290042001,360290042001,"Block Group 1, Census Tract 42, Erie County, New York",642,18
1500000US360290042002,360290042002,"Block Group 2, Census Tract 42, Erie County, New York",647,30
1500000US360290042003,360290042003,"Block Group 3, Census Tract 42, Erie County, New York",461,16
1500000US360290042004,360290042004,"Block Group 4, Census Tract 42, Erie County, New York",646,14
1500000US360290042005,360290042005,"Block Group 5, Census Tract 42, Erie County, New York",1079,51
1500000US360290043001,360290043001,"Block Group 1, Census Tract 43, Erie County, New York",690,178
1500000US360290043002,360290043002,"Block Group 2, Census Tract 43, Erie County, New York",1045,58
1500000US360290043003,360290043003,"Block Group 3, Census Tract 43, Erie County, New York",1632,0
1500000US360290043004,360290043004,"Block Group 4, Census Tract 43, Erie County, New York",420,134
1500000US360290043005,360290043005,"Block Group 5, Census Tract 43, Erie County, New York",1015,142
1500000US360290043006,360290043006,"Block Group 6, Census Tract 43, Erie County, New York",960,103
1500000US360290043007,360290043007,"Block Group 7, Census Tract 43, Erie County, New York",249,29
1500000US360290044011,360290044011,"Block Group 1, Census Tract 44.01, Erie County, New York",882,100
1500000US360290044012,360290044012,"Block Group 2, Census Tract 44.01, Erie County, New York",946,18
1500000US360290044013,360290044013,"Block Group 3, Census Tract 44.01, Erie County, New York",1329,20
1500000US360290044014,360290044014,"Block Group 4, Census Tract 44.01, Erie County, New York",1182,134
1500000US360290044021,360290044021,"Block Group 1, Census Tract 44.02, Erie County, New York",1692,51
1500000US360290044022,360290044022,"Block Group 2, Census Tract 44.02, Erie County, New York",1028,3
1500000US360290045001,360290045001,"Block Group 1, Census Tract 45, Erie County, New York",855,716
1500000US360290045002,360290045002,"Block Group 2, Census Tract 45, Erie County, New York",890,109
1500000US360290045003,360290045003,"Block Group 3, Census Tract 45, Erie County, New York",1348,1309
1500000US360290045004,360290045004,"Block Group 4, Census Tract 45, Erie County, New York",974,760
1500000US360290045005,360290045005,"Block Group 5, Census Tract 45, Erie County, New York",1145,889
1500000US360290045006,360290045006,"Block Group 6, Census Tract 45, Erie County, New York",603,509
1500000US360290046011,360290046011,"Block Group 1, Census Tract 46.01, Erie County, New York",669,472
1500000US360290046012,360290046012,"Block Group 2, Census Tract 46.01, Erie County, New York",709,213
1500000US360290046013,360290046013,"Block Group 3, Census Tract 46.01, Erie County, New York",875,620
1500000US360290046014,360290046014,"Block Group 4, Census Tract 46.01, Erie County, New York",1019,415
1500000US360290046021,360290046021,"Block Group 1, Census Tract 46.02, Erie County, New York",1194,566
1500000US360290047001,360290047001,"Block Group 1, Census Tract 47, Erie County, New York",911,231
1500000US360290047002,360290047002,"Block Group 2, Census Tract 47, Erie County, New York",626,120
1500000US360290047003,360290047003,"Block Group 3, Census Tract 47, Erie County, New York",1428,28
1500000US360290047004,360290047004,"Block Group 4, Census Tract 47, Erie County, New York",1435,262
1500000US360290047005,360290047005,"Block Group 5, Census Tract 47, Erie County, New York",1441,827
1500000US360290048001,360290048001,"Block Group 1, Census Tract 48, Erie County, New York",1358,1094
1500000US360290048002,360290048002,"Block Group 2, Census Tract 48, Erie County, New York",1354,1222
1500000US360290048003,360290048003,"Block Group 3, Census Tract 48, Erie County, New York",1500,1333
1500000US360290049001,360290049001,"Block Group 1, Census Tract 49, Erie County, New York",1727,1405
1500000US360290049002,360290049002,"Block Group 2, Census Tract 49, Erie County, New York",1468,1071
1500000US360290049003,360290049003,"Block Group 3, Census Tract 49, Erie County, New York",726,548
1500000US360290049004,360290049004,"Block Group 4, Census Tract 49, Erie County, New York",772,480
1500000US360290049005,360290049005,"Block Group 5, Census Tract 49, Erie County, New York",1307,914
1500000US360290050001,360290050001,"Block Group 1, Census Tract 50, Erie County, New York",945,617
1500000US360290050002,360290050002,"Block Group 2, Census Tract 50, Erie County, New York",612,483
1500000US360290050003,360290050003,"Block Group 3, Census Tract 50, Erie County, New York",854,520
1500000US360290051001,360290051001,"Block Group 1, Census Tract 51, Erie County, New York",1781,1288
1500000US360290051002,360290051002,"Block Group 2, Census Tract 51, Erie County, New York",583,405
1500000US360290051003,360290051003,"Block Group 3, Census Tract 51, Erie County, New York",1086,895
1500000US360290051004,360290051004,"Block Group 4, Census Tract 51, Erie County, New York",1089,976
1500000US360290052011,360290052011,"Block Group 1, Census Tract 52.01, Erie County, New York",752,686
1500000US360290052012,360290052012,"Block Group 2, Census Tract 52.01, Erie County, New York",649,586
1500000US360290052013,360290052013,"Block Group 3, Census Tract 52.01, Erie County, New York",520,332
1500000US360290052014,360290052014,"Block Group 4, Census Tract 52.01, Erie County, New York",969,846
1500000US360290052021,360290052021,"Block Group 1, Census Tract 52.02, Erie County, New York",1866,942
1500000US360290052022,360290052022,"Block Group 2, Census Tract 52.02, Erie County, New York",1187,428
1500000US360290053001,360290053001,"Block Group 1, Census Tract 53, Erie County, New York",650,480
1500000US360290053002,360290053002,"Block Group 2, Census Tract 53, Erie County, New York",1007,478
1500000US360290054001,360290054001,"Block Group 1, Census Tract 54, Erie County, New York",1519,1113
1500000US360290054002,360290054002,"Block Group 2, Census Tract 54, Erie County, New York",967,748
1500000US360290054003,360290054003,"Block Group 3, Census Tract 54, Erie County, New York",691,608
1500000US360290054004,360290054004,"Block Group 4, Census Tract 54, Erie County, New York",880,807
1500000US360290055001,360290055001,"Block Group 1, Census Tract 55, Erie County, New York",1070,504
1500000US360290055002,360290055002,"Block Group 2, Census Tract 55, Erie County, New York",1083,561
1500000US360290055003,360290055003,"Block Group 3, Census Tract 55, Erie County, New York",867,344
1500000US360290055004,360290055004,"Block Group 4, Census Tract 55, Erie County, New York",852,380
1500000US360290056001,360290056001,"Block Group 1, Census Tract 56, Erie County, New York",632,204
1500000US360290056002,360290056002,"Block Group 2, Census Tract 56, Erie County, New York",588,450
1500000US360290056003,360290056003,"Block Group 3, Census Tract 56, Erie County, New York",1354,431
1500000US360290056004,360290056004,"Block Group 4, Census Tract 56, Erie County, New York",1171,602
1500000US360290056005,360290056005,"Block Group 5, Census Tract 56, Erie County, New York",599,356
1500000US360290057001,360290057001,"Block Group 1, Census Tract 57, Erie County, New York",838,192
1500000US360290057002,360290057002,"Block Group 2, Census Tract 57, Erie County, New York",508,340
1500000US360290057003,360290057003,"Block Group 3, Census Tract 57, Erie County, New York",1093,741
1500000US360290058011,360290058011,"Block Group 1, Census Tract 58.01, Erie County, New York",1385,1126
1500000US360290058012,360290058012,"Block Group 2, Census Tract 58.01, Erie County, New York",1006,846
1500000US360290058013,360290058013,"Block Group 3, Census Tract 58.01, Erie County, New York",1005,489
1500000US360290058021,360290058021,"Block Group 1, Census Tract 58.02, Erie County, New York",979,691
1500000US360290058022,360290058022,"Block Group 2, Census Tract 58.02, Erie County, New York",1318,881
1500000US360290058023,360290058023,"Block Group 3, Census Tract 58.02, Erie County, New York",724,216
1500000US360290058024,360290058024,"Block Group 4, Census Tract 58.02, Erie County, New York",1601,1229
1500000US360290059001,360290059001,"Block Group 1, Census Tract 59, Erie County, New York",964,516
1500000US360290059002,360290059002,"Block Group 2, Census Tract 59, Erie County, New York",638,379
1500000US360290059003,360290059003,"Block Group 3, Census Tract 59, Erie County, New York",564,187
1500000US360290059004,360290059004,"Block Group 4, Census Tract 59, Erie County, New York",580,396
1500000US360290059005,360290059005,"Block Group 5, Census Tract 59, Erie County, New York",1113,741
1500000US360290061001,360290061001,"Block Group 1, Census Tract 61, Erie County, New York",1653,400
1500000US360290061002,360290061002,"Block Group 2, Census Tract 61, Erie County, New York",625,426
1500000US360290061003,360290061003,"Block Group 3, Census Tract 61, Erie County, New York",722,521
1500000US360290061004,360290061004,"Block Group 4, Census Tract 61, Erie County, New York",1140,291
1500000US360290061005,360290061005,"Block Group 5, Census Tract 61, Erie County, New York",724,145
1500000US360290062011,360290062011,"Block Group 1, Census Tract 62.01, Erie County, New York",1920,844
1500000US360290063011,360290063011,"Block Group 1, Census Tract 63.01, Erie County, New York",1078,894
1500000US360290063012,360290063012,"Block Group 2, Census Tract 63.01, Erie County, New York",767,726
1500000US360290063013,360290063013,"Block Group 3, Census Tract 63.01, Erie County, New York",967,817
1500000US360290063014,360290063014,"Block Group 4, Census Tract 63.01, Erie County, New York",1273,958
1500000US360290063015,360290063015,"Block Group 5, Census Tract 63.01, Erie County, New York",562,442
1500000US360290063021,360290063021,"Block Group 1, Census Tract 63.02, Erie County, New York",1024,999
1500000US360290063022,360290063022,"Block Group 2, Census Tract 63.02, Erie County, New York",1109,1047
1500000US360290063023,360290063023,"Block Group 3, Census Tract 63.02, Erie County, New York",513,513
1500000US360290065011,360290065011,"Block Group 1, Census Tract 65.01, Erie County, New York",779,607
1500000US360290065012,360290065012,"Block Group 2, Census Tract 65.01, Erie County, New York",721,669
1500000US360290065013,360290065013,"Block Group 3, Census Tract 65.01, Erie County, New York",593,514
1500000US360290065014,360290065014,"Block Group 4, Census Tract 65.01, Erie County, New York",709,261
1500000US360290066011,360290066011,"Block Group 1, Census Tract 66.01, Erie County, New York",340,141
1500000US360290066012,360290066012,"Block Group 2, Census Tract 66.01, Erie County, New York",1358,1194
1500000US360290066013,360290066013,"Block Group 3, Census Tract 66.01, Erie County, New York",997,278
1500000US360290066021,360290066021,"Block Group 1, Census Tract 66.02, Erie County, New York",651,562
1500000US360290066022,360290066022,"Block Group 2, Census Tract 66.02, Erie County, New York",769,587
1500000US360290066023,360290066023,"Block Group 3, Census Tract 66.02, Erie County, New York",800,376
1500000US360290067011,360290067011,"Block Group 1, Census Tract 67.01, Erie County, New York",1301,989
1500000US360290067012,360290067012,"Block Group 2, Census Tract 67.01, Erie County, New York",796,434
1500000US360290067013,360290067013,"Block Group 3, Census Tract 67.01, Erie County, New York",1056,819
1500000US360290067021,360290067021,"Block Group 1, Census Tract 67.02, Erie County, New York",853,533
1500000US360290067022,360290067022,"Block Group 2, Census Tract 67.02, Erie County, New York",1388,820
1500000US360290067023,360290067023,"Block Group 3, Census Tract 67.02, Erie County, New York",709,521
1500000US360290068001,360290068001,"Block Group 1, Census Tract 68, Erie County, New York",901,767
1500000US360290068002,360290068002,"Block Group 2, Census Tract 68, Erie County, New York",557,411
1500000US360290068003,360290068003,"Block Group 3, Census Tract 68, Erie County, New York",1086,625
1500000US360290068004,360290068004,"Block Group 4, Census Tract 68, Erie County, New York",1431,946
1500000US360290069011,360290069011,"Block Group 1, Census Tract 69.01, Erie County, New York",639,126
1500000US360290069012,360290069012,"Block Group 2, Census Tract 69.01, Erie County, New York",953,415
1500000US360290069013,360290069013,"Block Group 3, Census Tract 69.01, Erie County, New York",1089,205
1500000US360290069014,360290069014,"Block Group 4, Census Tract 69.01, Erie County, New York",610,81
1500000US360290069021,360290069021,"Block Group 1, Census Tract 69.02, Erie County, New York",1468,686
1500000US360290069022,360290069022,"Block Group 2, Census Tract 69.02, Erie County, New York",1095,470
1500000US360290069023,360290069023,"Block Group 3, Census Tract 69.02, Erie County, New York",761,280
1500000US360290069024,360290069024,"Block Group 4, Census Tract 69.02, Erie County, New York",743,497
1500000US360290070001,360290070001,"Block Group 1, Census Tract 70, Erie County, New York",1397,282
1500000US360290070002,360290070002,"Block Group 2, Census Tract 70, Erie County, New York",729,385
1500000US360290070003,360290070003,"Block Group 3, Census Tract 70, Erie County, New York",885,519
1500000US360290071011,360290071011,"Block Group 1, Census Tract 71.01, Erie County, New York",575,309
1500000US360290071012,360290071012,"Block Group 2, Census Tract 71.01, Erie County, New York",948,300
1500000US360290071013,360290071013,"Block Group 3, Census Tract 71.01, Erie County, New York",1591,288
1500000US360290071014,360290071014,"Block Group 4, Census Tract 71.01, Erie County, New York",665,228
1500000US360290071021,360290071021,"Block Group 1, Census Tract 71.02, Erie County, New York",1634,315
1500000US360290071022,360290071022,"Block Group 2, Census Tract 71.02, Erie County, New York",585,374
1500000US360290071023,360290071023,"Block Group 3, Census Tract 71.02, Erie County, New York",709,336
1500000US360290072021,360290072021,"Block Group 1, Census Tract 72.02, Erie County, New York",1832,923
1500000US360290073021,360290073021,"Block Group 1, Census Tract 73.02, Erie County, New York",1367,1163
1500000US360290073022,360290073022,"Block Group 2, Census Tract 73.02, Erie County, New York",830,810
1500000US360290073023,360290073023,"Block Group 3, Census Tract 73.02, Erie County, New York",850,850
1500000US360290073024,360290073024,"Block Group 4, Census Tract 73.02, Erie County, New York",2280,2244
1500000US360290073025,360290073025,"Block Group 5, Census Tract 73.02, Erie County, New York",1550,1452
1500000US360290073026,360290073026,"Block Group 6, Census Tract 73.02, Erie County, New York",1175,1100
1500000US360290073031,360290073031,"Block Group 1, Census Tract 73.03, Erie County, New York",1076,1060
1500000US360290073032,360290073032,"Block Group 2, Census Tract 73.03, Erie County, New York",2605,2295
1500000US360290073033,360290073033,"Block Group 3, Census Tract 73.03, Erie County, New York",2005,1803
1500000US360290073034,360290073034,"Block Group 4, Census Tract 73.03, Erie County, New York",1486,1263
1500000US360290073041,360290073041,"Block Group 1, Census Tract 73.04, Erie County, New York",2571,2526
1500000US360290073042,360290073042,"Block Group 2, Census Tract 73.04, Erie County, New York",2884,2809
1500000US360290076001,360290076001,"Block Group 1, Census Tract 76, Erie County, New York",857,837
1500000US360290076002,360290076002,"Block Group 2, Census Tract 76, Erie County, New York",1071,1012
1500000US360290076003,360290076003,"Block Group 3, Census Tract 76, Erie County, New York",1128,1128
1500000US360290077001,360290077001,"Block Group 1, Census Tract 77, Erie County, New York",1036,943
1500000US360290077002,360290077002,"Block Group 2, Census Tract 77, Erie County, New York",1029,1015
1500000US360290077003,360290077003,"Block Group 3, Census Tract 77, Erie County, New York",709,669
1500000US360290077004,360290077004,"Block Group 4, Census Tract 77, Erie County, New York",1058,1007
1500000US360290077005,360290077005,"Block Group 5, Census Tract 77, Erie County, New York",673,673
1500000US360290078001,360290078001,"Block Group 1, Census Tract 78, Erie County, New York",1226,1132
1500000US360290078002,360290078002,"Block Group 2, Census Tract 78, Erie County, New York",1264,1217
1500000US360290078003,360290078003,"Block Group 3, Census Tract 78, Erie County, New York",1040,945
1500000US360290078004,360290078004,"Block Group 4, Census Tract 78, Erie County, New York",1641,1641
1500000US360290079011,360290079011,"Block Group 1, Census Tract 79.01, Erie County, New York",1213,1195
1500000US360290079012,360290079012,"Block Group 2, Census Tract 79.01, Erie County, New York",1356,1148
1500000US360290079013,360290079013,"Block Group 3, Census Tract 79.01, Erie County, New York",714,659
1500000US360290079021,360290079021,"Block Group 1, Census Tract 79.02, Erie County, New York",586,586
1500000US360290079022,360290079022,"Block Group 2, Census Tract 79.02, Erie County, New York",619,560
1500000US360290079023,360290079023,"Block Group 3, Census Tract 79.02, Erie County, New York",2319,1888
1500000US360290079024,360290079024,"Block Group 4, Census Tract 79.02, Erie County, New York",872,872
1500000US360290079025,360290079025,"Block Group 5, Census Tract 79.02, Erie County, New York",1000,953
1500000US360290079026,360290079026,"Block Group 6, Census Tract 79.02, Erie County, New York",637,574
1500000US360290079031,360290079031,"Block Group 1, Census Tract 79.03, Erie County, New York",973,890
1500000US360290079032,360290079032,"Block Group 2, Census Tract 79.03, Erie County, New York",1078,1071
1500000US360290079033,360290079033,"Block Group 3, Census Tract 79.03, Erie County, New York",1271,1271
1500000US360290079041,360290079041,"Block Group 1, Census Tract 79.04, Erie County, New York",1406,1381
1500000US360290079042,360290079042,"Block Group 2, Census Tract 79.04, Erie County, New York",634,494
1500000US360290079043,360290079043,"Block Group 3, Census Tract 79.04, Erie County, New York",1283,1090
1500000US360290079051,360290079051,"Block Group 1, Census Tract 79.05, Erie County, New York",1794,1547
1500000US360290079052,360290079052,"Block Group 2, Census Tract 79.05, Erie County, New York",652,652
1500000US360290079053,360290079053,"Block Group 3, Census Tract 79.05, Erie County, New York",1725,1707
1500000US360290080011,360290080011,"Block Group 1, Census Tract 80.01, Erie County, New York",704,673
1500000US360290080012,360290080012,"Block Group 2, Census Tract 80.01, Erie County, New York",1595,1234
1500000US360290080013,360290080013,"Block Group 3, Census Tract 80.01, Erie County, New York",1252,833
1500000US360290080014,360290080014,"Block Group 4, Census Tract 80.01, Erie County, New York",426,400
1500000US360290080015,360290080015,"Block Group 5, Census Tract 80.01, Erie County, New York",971,701
1500000US360290080016,360290080016,"Block Group 6, Census Tract 80.01, Erie County, New York",906,826
1500000US360290080021,360290080021,"Block Group 1, Census Tract 80.02, Erie County, New York",1211,1151
1500000US360290080022,360290080022,"Block Group 2, Census Tract 80.02, Erie County, New York",519,509
1500000US360290080023,360290080023,"Block Group 3, Census Tract 80.02, Erie County, New York",1918,1703
1500000US360290080024,360290080024,"Block Group 4, Census Tract 80.02, Erie County, New York",1053,1053
1500000US360290080025,360290080025,"Block Group 5, Census Tract 80.02, Erie County, New York",708,696
1500000US360290080026,360290080026,"Block Group 6, Census Tract 80.02, Erie County, New York",494,494
1500000US360290080031,360290080031,"Block Group 1, Census Tract 80.03, Erie County, New York",830,818
1500000US360290080032,360290080032,"Block Group 2, Census Tract 80.03, Erie County, New York",1074,1059
1500000US360290080033,360290080033,"Block Group 3, Census Tract 80.03, Erie County, New York",759,650
1500000US360290080034,360290080034,"Block Group 4, Census Tract 80.03, Erie County, New York",1514,1257
1500000US360290080035,360290080035,"Block Group 5, Census Tract 80.03, Erie County, New York",1498,1399
1500000US360290081011,360290081011,"Block Group 1, Census Tract 81.01, Erie County, New York",1341,1229
1500000US360290081012,360290081012,"Block Group 2, Census Tract 81.01, Erie County, New York",1144,1119
1500000US360290081013,360290081013,"Block Group 3, Census Tract 81.01, Erie County, New York",899,740
1500000US360290081014,360290081014,"Block Group 4, Census Tract 81.01, Erie County, New York",890,847
1500000US360290081015,360290081015,"Block Group 5, Census Tract 81.01, Erie County, New York",1215,1115
1500000US360290081021,360290081021,"Block Group 1, Census Tract 81.02, Erie County, New York",945,887
1500000US360290081022,360290081022,"Block Group 2, Census Tract 81.02, Erie County, New York",1283,1212
1500000US360290081023,360290081023,"Block Group 3, Census Tract 81.02, Erie County, New York",581,581
1500000US360290081024,360290081024,"Block Group 4, Census Tract 81.02, Erie County, New York",771,748
1500000US360290081025,360290081025,"Block Group 5, Census Tract 81.02, Erie County, New York",521,521
1500000US360290082011,360290082011,"Block Group 1, Census Tract 82.01, Erie County, New York",729,674
1500000US360290082012,360290082012,"Block Group 2, Census Tract 82.01, Erie County, New York",754,719
1500000US360290082013,360290082013,"Block Group 3, Census Tract 82.01, Erie County, New York",994,974
1500000US360290082021,360290082021,"Block Group 1, Census Tract 82.02, Erie County, New York",994,963
1500000US360290082022,360290082022,"Block Group 2, Census Tract 82.02, Erie County, New York",561,561
1500000US360290082023,360290082023,"Block Group 3, Census Tract 82.02, Erie County, New York",604,575
1500000US360290082024,360290082024,"Block Group 4, Census Tract 82.02, Erie County, New York",684,684
1500000US360290082025,360290082025,"Block Group 5, Census Tract 82.02, Erie County, New York",824,711
1500000US360290083001,360290083001,"Block Group 1, Census Tract 83, Erie County, New York",1282,841
1500000US360290083002,360290083002,"Block Group 2, Census Tract 83, Erie County, New York",559,423
1500000US360290083003,360290083003,"Block Group 3, Census Tract 83, Erie County, New York",527,393
1500000US360290084001,360290084001,"Block Group 1, Census Tract 84, Erie County, New York",416,406
1500000US360290084002,360290084002,"Block Group 2, Census Tract 84, Erie County, New York",1065,1000
1500000US360290084003,360290084003,"Block Group 3, Census Tract 84, Erie County, New York",1002,684
1500000US360290085001,360290085001,"Block Group 1, Census Tract 85, Erie County, New York",1023,975
1500000US360290085002,360290085002,"Block Group 2, Census Tract 85, Erie County, New York",1364,1188
1500000US360290086001,360290086001,"Block Group 1, Census Tract 86, Erie County, New York",799,787
1500000US360290086002,360290086002,"Block Group 2, Census Tract 86, Erie County, New York",922,802
1500000US360290086003,360290086003,"Block Group 3, Census Tract 86, Erie County, New York",944,933
1500000US360290086004,360290086004,"Block Group 4, Census Tract 86, Erie County, New York",412,412
1500000US360290086005,360290086005,"Block Group 5, Census Tract 86, Erie County, New York",650,522
1500000US360290086006,360290086006,"Block Group 6, Census Tract 86, Erie County, New York",861,848
1500000US360290087001,360290087001,"Block Group 1, Census Tract 87, Erie County, New York",623,569
1500000US360290087002,360290087002,"Block Group 2, Census Tract 87, Erie County, New York",1131,1101
1500000US360290087003,360290087003,"Block Group 3, Census Tract 87, Erie County, New York",1315,1314
1500000US360290087004,360290087004,"Block Group 4, Census Tract 87, Erie County, New York",709,574
1500000US360290087005,360290087005,"Block Group 5, Census Tract 87, Erie County, New York",947,947
1500000US360290088001,360290088001,"Block Group 1, Census Tract 88, Erie County, New York",710,700
1500000US360290088002,360290088002,"Block Group 2, Census Tract 88, Erie County, New York",1280,1233
1500000US360290088003,360290088003,"Block Group 3, Census Tract 88, Erie County, New York",1581,1257
1500000US360290089001,360290089001,"Block Group 1, Census Tract 89, Erie County, New York",966,951
1500000US360290089002,360290089002,"Block Group 2, Census Tract 89, Erie County, New York",576,547
1500000US360290089003,360290089003,"Block Group 3, Census Tract 89, Erie County, New York",697,628
1500000US360290089004,360290089004,"Block Group 4, Census Tract 89, Erie County, New York",751,695
1500000US360290089005,360290089005,"Block Group 5, Census Tract 89, Erie County, New York",1322,1245
1500000US360290090041,360290090041,"Block Group 1, Census Tract 90.04, Erie County, New York",1831,1683
1500000US360290090042,360290090042,"Block Group 2, Census Tract 90.04, Erie County, New York",1765,1757
1500000US360290090061,360290090061,"Block Group 1, Census Tract 90.06, Erie County, New York",1555,1358
1500000US360290090062,360290090062,"Block Group 2, Census Tract 90.06, Erie County, New York",1402,1217
1500000US360290090063,360290090063,"Block Group 3, Census Tract 90.06, Erie County, New York",1303,1273
1500000US360290090064,360290090064,"Block Group 4, Census Tract 90.06, Erie County, New York",1607,1213
1500000US360290090065,360290090065,"Block Group 5, Census Tract 90.06, Erie County, New York",1603,1515
1500000US360290090071,360290090071,"Block Group 1, Census Tract 90.07, Erie County, New York",1641,1408
1500000US360290090072,360290090072,"Block Group 2, Census Tract 90.07, Erie County, New York",1514,1240
1500000US360290090073,360290090073,"Block Group 3, Census Tract 90.07, Erie County, New York",2461,2153
1500000US360290090074,360290090074,"Block Group 4, Census Tract 90.07, Erie County, New York",1785,1558
1500000US360290090081,360290090081,"Block Group 1, Census Tract 90.08, Erie County, New York",1457,1457
1500000US360290090082,360290090082,"Block Group 2, Census Tract 90.08, Erie County, New York",989,835
1500000US360290090083,360290090083,"Block Group 3, Census Tract 90.08, Erie County, New York",2407,1881
1500000US360290090091,360290090091,"Block Group 1, Census Tract 90.09, Erie County, New York",1402,1174
1500000US360290090092,360290090092,"Block Group 2, Census Tract 90.09, Erie County, New York",3712,3039
1500000US360290090101,360290090101,"Block Group 1, Census Tract 90.10, Erie County, New York",2837,2475
1500000US360290090102,360290090102,"Block Group 2, Census Tract 90.10, Erie County, New York",3162,2543
1500000US360290091041,360290091041,"Block Group 1, Census Tract 91.04, Erie County, New York",1581,1434
1500000US360290091042,360290091042,"Block Group 2, Census Tract 91.04, Erie County, New York",1331,1257
1500000US360290091043,360290091043,"Block Group 3, Census Tract 91.04, Erie County, New York",1400,1355
1500000US360290091061,360290091061,"Block Group 1, Census Tract 91.06, Erie County, New York",906,763
1500000US360290091062,360290091062,"Block Group 2, Census Tract 91.06, Erie County, New York",2301,1969
1500000US360290091071,360290091071,"Block Group 1, Census Tract 91.07, Erie County, New York",1565,965
1500000US360290091072,360290091072,"Block Group 2, Census Tract 91.07, Erie County, New York",1381,901
1500000US360290091073,360290091073,"Block Group 3, Census Tract 91.07, Erie County, New York",1881,1452
1500000US360290091074,360290091074,"Block Group 4, Census Tract 91.07, Erie County, New York",444,414
1500000US360290091091,360290091091,"Block Group 1, Census Tract 91.09, Erie County, New York",1328,1033
1500000US360290091092,360290091092,"Block Group 2, Census Tract 91.09, Erie County, New York",1811,1575
1500000US360290091101,360290091101,"Block Group 1, Census Tract 91.10, Erie County, New York",5793,3380
1500000US360290091121,360290091121,"Block Group 1, Census Tract 91.12, Erie County, New York",3164,2702
1500000US360290091131,360290091131,"Block Group 1, Census Tract 91.13, Erie County, New York",1889,1660
1500000US360290091132,360290091132,"Block Group 2, Census Tract 91.13, Erie County, New York",2621,2357
1500000US360290091133,360290091133,"Block Group 3, Census Tract 91.13, Erie County, New York",2264,1916
1500000US360290091141,360290091141,"Block Group 1, Census Tract 91.14, Erie County, New York",1492,1360
1500000US360290091142,360290091142,"Block Group 2, Census Tract 91.14, Erie County, New York",1436,927
1500000US360290091143,360290091143,"Block Group 3, Census Tract 91.14, Erie County, New York",1368,1278
1500000US360290091151,360290091151,"Block Group 1, Census Tract 91.15, Erie County, New York",2828,1571
1500000US360290091152,360290091152,"Block Group 2, Census Tract 91.15, Erie County, New York",1163,640
1500000US360290091161,360290091161,"Block Group 1, Census Tract 91.16, Erie County, New York",1228,1173
1500000US360290091162,360290091162,"Block Group 2, Census Tract 91.16, Erie County, New York",1009,971
1500000US360290091163,360290091163,"Block Group 3, Census Tract 91.16, Erie County, New York",947,332
1500000US360290091164,360290091164,"Block Group 4, Census Tract 91.16, Erie County, New York",2314,1825
1500000US360290092001,360290092001,"Block Group 1, Census Tract 92, Erie County, New York",1044,880
1500000US360290092002,360290092002,"Block Group 2, Census Tract 92, Erie County, New York",823,823
1500000US360290092003,360290092003,"Block Group 3, Census Tract 92, Erie County, New York",783,516
1500000US360290092004,360290092004,"Block Group 4, Census Tract 92, Erie County, New York",837,286
1500000US360290093011,360290093011,"Block Group 1, Census Tract 93.01, Erie County, New York",986,773
1500000US360290093012,360290093012,"Block Group 2, Census Tract 93.01, Erie County, New York",741,425
1500000US360290093013,360290093013,"Block Group 3, Census Tract 93.01, Erie County, New York",1434,551
1500000US360290093014,360290093014,"Block Group 4, Census Tract 93.01, Erie County, New York",765,538
1500000US360290093015,360290093015,"Block Group 5, Census Tract 93.01, Erie County, New York",1313,837
1500000US360290093021,360290093021,"Block Group 1, Census Tract 93.02, Erie County, New York",974,749
1500000US360290093022,360290093022,"Block Group 2, Census Tract 93.02, Erie County, New York",1152,967
1500000US360290093023,360290093023,"Block Group 3, Census Tract 93.02, Erie County, New York",600,524
1500000US360290094011,360290094011,"Block Group 1, Census Tract 94.01, Erie County, New York",1712,1421
1500000US360290094012,360290094012,"Block Group 2, Census Tract 94.01, Erie County, New York",1544,1418
1500000US360290094013,360290094013,"Block Group 3, Census Tract 94.01, Erie County, New York",867,641
1500000US360290094014,360290094014,"Block Group 4, Census Tract 94.01, Erie County, New York",1149,1068
1500000US360290094015,360290094015,"Block Group 5, Census Tract 94.01, Erie County, New York",728,693
1500000US360290094021,360290094021,"Block Group 1, Census Tract 94.02, Erie County, New York",737,649
1500000US360290094022,360290094022,"Block Group 2, Census Tract 94.02, Erie County, New York",1047,1039
1500000US360290094023,360290094023,"Block Group 3, Census Tract 94.02, Erie County, New York",1338,1269
1500000US360290094024,360290094024,"Block Group 4, Census Tract 94.02, Erie County, New York",1120,1027
1500000US360290095011,360290095011,"Block Group 1, Census Tract 95.01, Erie County, New York",542,297
1500000US360290095012,360290095012,"Block Group 2, Census Tract 95.01, Erie County, New York",1941,1403
1500000US360290095013,360290095013,"Block Group 3, Census Tract 95.01, Erie County, New York",1628,1458
1500000US360290095014,360290095014,"Block Group 4, Census Tract 95.01, Erie County, New York",939,929
1500000US360290095021,360290095021,"Block Group 1, Census Tract 95.02, Erie County, New York",1190,1143
1500000US360290095022,360290095022,"Block Group 2, Census Tract 95.02, Erie County, New York",1929,1654
1500000US360290095023,360290095023,"Block Group 3, Census Tract 95.02, Erie County, New York",1227,1153
1500000US360290095024,360290095024,"Block Group 4, Census Tract 95.02, Erie County, New York",863,817
1500000US360290095025,360290095025,"Block Group 5, Census Tract 95.02, Erie County, New York",1466,1407
1500000US360290096001,360290096001,"Block Group 1, Census Tract 96, Erie County, New York",1707,1378
1500000US360290096002,360290096002,"Block Group 2, Census Tract 96, Erie County, New York",2644,2470
1500000US360290096003,360290096003,"Block Group 3, Census Tract 96, Erie County, New York",2084,1787
1500000US360290097011,360290097011,"Block Group 1, Census Tract 97.01, Erie County, New York",1463,1379
1500000US360290097012,360290097012,"Block Group 2, Census Tract 97.01, Erie County, New York",1485,1398
1500000US360290097021,360290097021,"Block Group 1, Census Tract 97.02, Erie County, New York",1294,1276
1500000US360290097022,360290097022,"Block Group 2, Census Tract 97.02, Erie County, New York",1111,973
1500000US360290097023,360290097023,"Block Group 3, Census Tract 97.02, Erie County, New York",1042,1033
1500000US360290097024,360290097024,"Block Group 4, Census Tract 97.02, Erie County, New York",1198,1160
1500000US360290098001,360290098001,"Block Group 1, Census Tract 98, Erie County, New York",1047,1047
1500000US360290098002,360290098002,"Block Group 2, Census Tract 98, Erie County, New York",680,670
1500000US360290099001,360290099001,"Block Group 1, Census Tract 99, Erie County, New York",1497,1424
1500000US360290099002,360290099002,"Block Group 2, Census Tract 99, Erie County, New York",808,707
1500000US360290099003,360290099003,"Block Group 3, Census Tract 99, Erie County, New York",1319,1319
1500000US360290100011,360290100011,"Block Group 1, Census Tract 100.01, Erie County, New York",1885,1832
1500000US360290100012,360290100012,"Block Group 2, Census Tract 100.01, Erie County, New York",1093,1059
1500000US360290100021,360290100021,"Block Group 1, Census Tract 100.02, Erie County, New York",1762,1639
1500000US360290100022,360290100022,"Block Group 2, Census Tract 100.02, Erie County, New York",1411,1353
1500000US360290100023,360290100023,"Block Group 3, Census Tract 100.02, Erie County, New York",888,849
1500000US360290100031,360290100031,"Block Group 1, Census Tract 100.03, Erie County, New York",1875,1601
1500000US360290100032,360290100032,"Block Group 2, Census Tract 100.03, Erie County, New York",1225,1032
1500000US360290100033,360290100033,"Block Group 3, Census Tract 100.03, Erie County, New York",710,710
1500000US360290101011,360290101011,"Block Group 1, Census Tract 101.01, Erie County, New York",893,836
1500000US360290101012,360290101012,"Block Group 2, Census Tract 101.01, Erie County, New York",1345,1229
1500000US360290101013,360290101013,"Block Group 3, Census Tract 101.01, Erie County, New York",1017,788
1500000US360290101014,360290101014,"Block Group 4, Census Tract 101.01, Erie County, New York",1087,815
1500000US360290101021,360290101021,"Block Group 1, Census Tract 101.02, Erie County, New York",1256,883
1500000US360290101022,360290101022,"Block Group 2, Census Tract 101.02, Erie County, New York",551,377
1500000US360290101023,360290101023,"Block Group 3, Census Tract 101.02, Erie County, New York",1864,1285
1500000US360290101031,360290101031,"Block Group 1, Census Tract 101.03, Erie County, New York",2161,2012
1500000US360290101032,360290101032,"Block Group 2, Census Tract 101.03, Erie County, New York",1186,1054
1500000US360290101033,360290101033,"Block Group 3, Census Tract 101.03, Erie County, New York",785,743
1500000US360290102011,360290102011,"Block Group 1, Census Tract 102.01, Erie County, New York",631,584
1500000US360290102012,360290102012,"Block Group 2, Census Tract 102.01, Erie County, New York",1559,1173
1500000US360290102013,360290102013,"Block Group 3, Census Tract 102.01, Erie County, New York",676,170
1500000US360290102021,360290102021,"Block Group 1, Census Tract 102.02, Erie County, New York",1991,587
1500000US360290102022,360290102022,"Block Group 2, Census Tract 102.02, Erie County, New York",961,464
1500000US360290102023,360290102023,"Block Group 3, Census Tract 102.02, Erie County, New York",822,634
1500000US360290103001,360290103001,"Block Group 1, Census Tract 103, Erie County, New York",692,235
1500000US360290103002,360290103002,"Block Group 2, Census Tract 103, Erie County, New York",865,437
1500000US360290104001,360290104001,"Block Group 1, Census Tract 104, Erie County, New York",1713,1077
1500000US360290104002,360290104002,"Block Group 2, Census Tract 104, Erie County, New York",660,370
1500000US360290105001,360290105001,"Block Group 1, Census Tract 105, Erie County, New York",767,445
1500000US360290105002,360290105002,"Block Group 2, Census Tract 105, Erie County, New York",880,505
1500000US360290105003,360290105003,"Block Group 3, Census Tract 105, Erie County, New York",651,542
1500000US360290106001,360290106001,"Block Group 1, Census Tract 106, Erie County, New York",1020,829
1500000US360290106002,360290106002,"Block Group 2, Census Tract 106, Erie County, New York",1543,1418
1500000US360290107001,360290107001,"Block Group 1, Census Tract 107, Erie County, New York",1100,905
1500000US360290107002,360290107002,"Block Group 2, Census Tract 107, Erie County, New York",573,471
1500000US360290107003,360290107003,"Block Group 3, Census Tract 107, Erie County, New York",692,572
1500000US360290108031,360290108031,"Block Group 1, Census Tract 108.03, Erie County, New York",1282,1208
1500000US360290108032,360290108032,"Block Group 2, Census Tract 108.03, Erie County, New York",727,714
1500000US360290108041,360290108041,"Block Group 1, Census Tract 108.04, Erie County, New York",1493,1460
1500000US360290108042,360290108042,"Block Group 2, Census Tract 108.04, Erie County, New York",2222,2132
1500000US360290108051,360290108051,"Block Group 1, Census Tract 108.05, Erie County, New York",2083,2083
1500000US360290108052,360290108052,"Block Group 2, Census Tract 108.05, Erie County, New York",1270,1270
1500000US360290108053,360290108053,"Block Group 3, Census Tract 108.05, Erie County, New York",1629,1627
1500000US360290108071,360290108071,"Block Group 1, Census Tract 108.07, Erie County, New York",2386,1836
1500000US360290108072,360290108072,"Block Group 2, Census Tract 108.07, Erie County, New York",543,531
1500000US360290108073,360290108073,"Block Group 3, Census Tract 108.07, Erie County, New York",954,862
1500000US360290108074,360290108074,"Block Group 4, Census Tract 108.07, Erie County, New York",1430,1321
1500000US360290108081,360290108081,"Block Group 1, Census Tract 108.08, Erie County, New York",1471,1420
1500000US360290108082,360290108082,"Block Group 2, Census Tract 108.08, Erie County, New York",2103,1195
1500000US360290108083,360290108083,"Block Group 3, Census Tract 108.08, Erie County, New York",178,161
1500000US360290108084,360290108084,"Block Group 4, Census Tract 108.08, Erie County, New York",346,334
1500000US360290108091,360290108091,"Block Group 1, Census Tract 108.09, Erie County, New York",1335,1310
1500000US360290108092,360290108092,"Block Group 2, Census Tract 108.09, Erie County, New York",1791,1752
1500000US360290109011,360290109011,"Block Group 1, Census Tract 109.01, Erie County, New York",532,483
1500000US360290109012,360290109012,"Block Group 2, Census Tract 109.01, Erie County, New York",963,921
1500000US360290109013,360290109013,"Block Group 3, Census Tract 109.01, Erie County, New York",834,712
1500000US360290109021,360290109021,"Block Group 1, Census Tract 109.02, Erie County, New York",1036,883
1500000US360290109022,360290109022,"Block Group 2, Census Tract 109.02, Erie County, New York",1251,1142
1500000US360290109023,360290109023,"Block Group 3, Census Tract 109.02, Erie County, New York",1322,1312
1500000US360290109024,360290109024,"Block Group 4, Census Tract 109.02, Erie County, New York",697,526
1500000US360290110001,360290110001,"Block Group 1, Census Tract 110, Erie County, New York",534,524
1500000US360290110002,360290110002,"Block Group 2, Census Tract 110, Erie County, New York",707,646
1500000US360290110003,360290110003,"Block Group 3, Census Tract 110, Erie County, New York",689,616
1500000US360290111001,360290111001,"Block Group 1, Census Tract 111, Erie County, New York",1693,1598
1500000US360290111002,360290111002,"Block Group 2, Census Tract 111, Erie County, New York",623,617
1500000US360290112001,360290112001,"Block Group 1, Census Tract 112, Erie County, New York",3124,3094
1500000US360290112002,360290112002,"Block Group 2, Census Tract 112, Erie County, New York",685,666
1500000US360290112003,360290112003,"Block Group 3, Census Tract 112, Erie County, New York",1051,1051
1500000US360290112004,360290112004,"Block Group 4, Census Tract 112, Erie County, New York",1623,1575
1500000US360290113001,360290113001,"Block Group 1, Census Tract 113, Erie County, New York",2402,1940
1500000US360290113002,360290113002,"Block Group 2, Census Tract 113, Erie County, New York",661,661
1500000US360290113003,360290113003,"Block Group 3, Census Tract 113, Erie County, New York",2106,2023
1500000US360290114001,360290114001,"Block Group 1, Census Tract 114, Erie County, New York",862,753
1500000US360290114002,360290114002,"Block Group 2, Census Tract 114, Erie County, New York",1365,1108
1500000US360290115001,360290115001,"Block Group 1, Census Tract 115, Erie County, New York",901,892
1500000US360290115002,360290115002,"Block Group 2, Census Tract 115, Erie County, New York",700,622
1500000US360290116001,360290116001,"Block Group 1, Census Tract 116, Erie County, New York",1391,1337
1500000US360290116002,360290116002,"Block Group 2, Census Tract 116, Erie County, New York",742,735
1500000US360290117001,360290117001,"Block Group 1, Census Tract 117, Erie County, New York",604,588
1500000US360290117002,360290117002,"Block Group 2, Census Tract 117, Erie County, New York",1379,1354
1500000US360290117003,360290117003,"Block Group 3, Census Tract 117, Erie County, New York",1978,1914
1500000US360290118001,360290118001,"Block Group 1, Census Tract 118, Erie County, New York",1360,1354
1500000US360290118002,360290118002,"Block Group 2, Census Tract 118, Erie County, New York",733,662
1500000US360290118003,360290118003,"Block Group 3, Census Tract 118, Erie County, New York",1588,1513
1500000US360290120011,360290120011,"Block Group 1, Census Tract 120.01, Erie County, New York",1701,1657
1500000US360290120012,360290120012,"Block Group 2, Census Tract 120.01, Erie County, New York",2027,1896
1500000US360290120013,360290120013,"Block Group 3, Census Tract 120.01, Erie County, New York",795,780
1500000US360290120021,360290120021,"Block Group 1, Census Tract 120.02, Erie County, New York",818,790
1500000US360290120022,360290120022,"Block Group 2, Census Tract 120.02, Erie County, New York",2564,2459
1500000US360290120031,360290120031,"Block Group 1, Census Tract 120.03, Erie County, New York",1975,1904
1500000US360290120032,360290120032,"Block Group 2, Census Tract 120.03, Erie County, New York",2927,2897
1500000US360290123001,360290123001,"Block Group 1, Census Tract 123, Erie County, New York",477,386
1500000US360290123002,360290123002,"Block Group 2, Census Tract 123, Erie County, New York",829,814
1500000US360290123003,360290123003,"Block Group 3, Census Tract 123, Erie County, New York",729,648
1500000US360290123004,360290123004,"Block Group 4, Census Tract 123, Erie County, New York",904,735
1500000US360290124001,360290124001,"Block Group 1, Census Tract 124, Erie County, New York",618,403
1500000US360290124002,360290124002,"Block Group 2, Census Tract 124, Erie County, New York",1579,1434
1500000US360290125011,360290125011,"Block Group 1, Census Tract 125.01, Erie County, New York",857,731
1500000US360290125012,360290125012,"Block Group 2, Census Tract 125.01, Erie County, New York",570,554
1500000US360290125013,360290125013,"Block Group 3, Census Tract 125.01, Erie County, New York",1455,1436
1500000US360290125014,360290125014,"Block Group 4, Census Tract 125.01, Erie County, New York",977,908
1500000US360290125015,360290125015,"Block Group 5, Census Tract 125.01, Erie County, New York",812,754
1500000US360290125021,360290125021,"Block Group 1, Census Tract 125.02, Erie County, New York",984,984
1500000US360290125022,360290125022,"Block Group 2, Census Tract 125.02, Erie County, New York",956,927
1500000US360290128001,360290128001,"Block Group 1, Census Tract 128, Erie County, New York",932,837
1500000US360290128002,360290128002,"Block Group 2, Census Tract 128, Erie County, New York",751,712
1500000US360290128003,360290128003,"Block Group 3, Census Tract 128, Erie County, New York",896,879
1500000US360290129011,360290129011,"Block Group 1, Census Tract 129.01, Erie County, New York",608,608
1500000US360290129012,360290129012,"Block Group 2, Census Tract 129.01, Erie County, New York",958,888
1500000US360290129013,360290129013,"Block Group 3, Census Tract 129.01, Erie County, New York",2324,2267
1500000US360290129014,360290129014,"Block Group 4, Census Tract 129.01, Erie County, New York",1208,1115
1500000US360290129015,360290129015,"Block Group 5, Census Tract 129.01, Erie County, New York",1613,1386
1500000US360290129021,360290129021,"Block Group 1, Census Tract 129.02, Erie County, New York",1599,1540
1500000US360290129022,360290129022,"Block Group 2, Census Tract 129.02, Erie County, New York",1871,1834
1500000US360290130011,360290130011,"Block Group 1, Census Tract 130.01, Erie County, New York",1073,1005
1500000US360290130012,360290130012,"Block Group 2, Census Tract 130.01, Erie County, New York",666,659
1500000US360290130013,360290130013,"Block Group 3, Census Tract 130.01, Erie County, New York",809,738
1500000US360290130014,360290130014,"Block Group 4, Census Tract 130.01, Erie County, New York",633,624
1500000US360290130021,360290130021,"Block Group 1, Census Tract 130.02, Erie County, New York",3124,2970
1500000US360290130022,360290130022,"Block Group 2, Census Tract 130.02, Erie County, New York",1159,1143
1500000US360290130023,360290130023,"Block Group 3, Census Tract 130.02, Erie County, New York",1517,1509
1500000US360290131011,360290131011,"Block Group 1, Census Tract 131.01, Erie County, New York",1942,1839
1500000US360290131012,360290131012,"Block Group 2, Census Tract 131.01, Erie County, New York",2476,2256
1500000US360290131013,360290131013,"Block Group 3, Census Tract 131.01, Erie County, New York",666,640
1500000US360290131014,360290131014,"Block Group 4, Census Tract 131.01, Erie County, New York",677,650
1500000US360290131015,360290131015,"Block Group 5, Census Tract 131.01, Erie County, New York",631,631
1500000US360290131021,360290131021,"Block Group 1, Census Tract 131.02, Erie County, New York",1095,1074
1500000US360290131022,360290131022,"Block Group 2, Census Tract 131.02, Erie County, New York",2197,2183
1500000US360290131023,360290131023,"Block Group 3, Census Tract 131.02, Erie County, New York",876,865
1500000US360290131024,360290131024,"Block Group 4, Census Tract 131.02, Erie County, New York",1409,1385
1500000US360290131025,360290131025,"Block Group 5, Census Tract 131.02, Erie County, New York",2574,2536
1500000US360290132011,360290132011,"Block Group 1, Census Tract 132.01, Erie County, New York",2504,2259
1500000US360290132012,360290132012,"Block Group 2, Census Tract 132.01, Erie County, New York",2369,2369
1500000US360290132013,360290132013,"Block Group 3, Census Tract 132.01, Erie County, New York",1121,1119
1500000US360290132021,360290132021,"Block Group 1, Census Tract 132.02, Erie County, New York",1824,1788
1500000US360290132022,360290132022,"Block Group 2, Census Tract 132.02, Erie County, New York",3499,3404
1500000US360290133001,360290133001,"Block Group 1, Census Tract 133, Erie County, New York",1454,1384
1500000US360290133002,360290133002,"Block Group 2, Census Tract 133, Erie County, New York",491,452
1500000US360290133003,360290133003,"Block Group 3, Census Tract 133, Erie County, New York",666,666
1500000US360290133004,360290133004,"Block Group 4, Census Tract 133, Erie County, New York",1136,1018
1500000US360290134001,360290134001,"Block Group 1, Census Tract 134, Erie County, New York",593,541
1500000US360290134002,360290134002,"Block Group 2, Census Tract 134, Erie County, New York",884,849
1500000US360290134003,360290134003,"Block Group 3, Census Tract 134, Erie County, New York",1111,1089
1500000US360290134004,360290134004,"Block Group 4, Census Tract 134, Erie County, New York",1180,1132
1500000US360290134005,360290134005,"Block Group 5, Census Tract 134, Erie County, New York",2596,2545
1500000US360290135011,360290135011,"Block Group 1, Census Tract 135.01, Erie County, New York",2893,2890
1500000US360290135012,360290135012,"Block Group 2, Census Tract 135.01, Erie County, New York",1388,1378
1500000US360290135013,360290135013,"Block Group 3, Census Tract 135.01, Erie County, New York",2948,2766
1500000US360290135021,360290135021,"Block Group 1, Census Tract 135.02, Erie County, New York",2289,2168
1500000US360290135022,360290135022,"Block Group 2, Census Tract 135.02, Erie County, New York",1845,1757
1500000US360290135023,360290135023,"Block Group 3, Census Tract 135.02, Erie County, New York",2000,1964
1500000US360290135024,360290135024,"Block Group 4, Census Tract 135.02, Erie County, New York",892,892
1500000US360290136001,360290136001,"Block Group 1, Census Tract 136, Erie County, New York",1182,1173
1500000US360290136002,360290136002,"Block Group 2, Census Tract 136, Erie County, New York",1037,1037
1500000US360290136003,360290136003,"Block Group 3, Census Tract 136, Erie County, New York",810,770
1500000US360290137011,360290137011,"Block Group 1, Census Tract 137.01, Erie County, New York",1237,1237
1500000US360290137012,360290137012,"Block Group 2, Census Tract 137.01, Erie County, New York",2111,2026
1500000US360290137013,360290137013,"Block Group 3, Census Tract 137.01, Erie County, New York",916,907
1500000US360290137014,360290137014,"Block Group 4, Census Tract 137.01, Erie County, New York",2044,1964
1500000US360290137021,360290137021,"Block Group 1, Census Tract 137.02, Erie County, New York",3530,3335
1500000US360290137022,360290137022,"Block Group 2, Census Tract 137.02, Erie County, New York",2344,2262
1500000US360290138001,360290138001,"Block Group 1, Census Tract 138, Erie County, New York",2720,2668
1500000US360290138002,360290138002,"Block Group 2, Census Tract 138, Erie County, New York",512,512
1500000US360290138003,360290138003,"Block Group 3, Census Tract 138, Erie County, New York",2930,2857
1500000US360290138004,360290138004,"Block Group 4, Census Tract 138, Erie County, New York",814,762
1500000US360290138005,360290138005,"Block Group 5, Census Tract 138, Erie County, New York",833,792
1500000US360290139001,360290139001,"Block Group 1, Census Tract 139, Erie County, New York",2196,2130
1500000US360290140001,360290140001,"Block Group 1, Census Tract 140, Erie County, New York",1391,1358
1500000US360290140002,360290140002,"Block Group 2, Census Tract 140, Erie County, New York",2432,2368
1500000US360290141011,360290141011,"Block Group 1, Census Tract 141.01, Erie County, New York",1599,1580
1500000US360290141012,360290141012,"Block Group 2, Census Tract 141.01, Erie County, New York",1981,1924
1500000US360290141013,360290141013,"Block Group 3, Census Tract 141.01, Erie County, New York",2597,2572
1500000US360290141021,360290141021,"Block Group 1, Census Tract 141.02, Erie County, New York",2321,2320
1500000US360290141022,360290141022,"Block Group 2, Census Tract 141.02, Erie County, New York",3112,3040
1500000US360290142041,360290142041,"Block Group 1, Census Tract 142.04, Erie County, New York",2821,2766
1500000US360290142042,360290142042,"Block Group 2, Census Tract 142.04, Erie County, New York",1293,1286
1500000US360290142061,360290142061,"Block Group 1, Census Tract 142.06, Erie County, New York",3436,3436
1500000US360290142062,360290142062,"Block Group 2, Census Tract 142.06, Erie County, New York",2394,2394
1500000US360290142063,360290142063,"Block Group 3, Census Tract 142.06, Erie County, New York",1683,1682
1500000US360290142071,360290142071,"Block Group 1, Census Tract 142.07, Erie County, New York",866,832
1500000US360290142072,360290142072,"Block Group 2, Census Tract 142.07, Erie County, New York",1681,1662
1500000US360290142073,360290142073,"Block Group 3, Census Tract 142.07, Erie County, New York",2712,2504
1500000US360290142081,360290142081,"Block Group 1, Census Tract 142.08, Erie County, New York",1344,1267
1500000US360290142082,360290142082,"Block Group 2, Census Tract 142.08, Erie County, New York",1709,1688
1500000US360290142083,360290142083,"Block Group 3, Census Tract 142.08, Erie County, New York",2265,2179
1500000US360290142091,360290142091,"Block Group 1, Census Tract 142.09, Erie County, New York",1279,1245
1500000US360290142092,360290142092,"Block Group 2, Census Tract 142.09, Erie County, New York",1889,1826
1500000US360290142093,360290142093,"Block Group 3, Census Tract 142.09, Erie County, New York",913,907
1500000US360290143001,360290143001,"Block Group 1, Census Tract 143, Erie County, New York",1554,1543
1500000US360290143002,360290143002,"Block Group 2, Census Tract 143, Erie County, New York",1542,1519
1500000US360290143003,360290143003,"Block Group 3, Census Tract 143, Erie County, New York",1024,972
1500000US360290143004,360290143004,"Block Group 4, Census Tract 143, Erie County, New York",541,515
1500000US360290143005,360290143005,"Block Group 5, Census Tract 143, Erie County, New York",1487,1210
1500000US360290144001,360290144001,"Block Group 1, Census Tract 144, Erie County, New York",1220,1120
1500000US360290144002,360290144002,"Block Group 2, Census Tract 144, Erie County, New York",519,519
1500000US360290144003,360290144003,"Block Group 3, Census Tract 144, Erie County, New York",1185,1181
1500000US360290144004,360290144004,"Block Group 4, Census Tract 144, Erie County, New York",1228,1210
1500000US360290145011,360290145011,"Block Group 1, Census Tract 145.01, Erie County, New York",1954,1910
1500000US360290145012,360290145012,"Block Group 2, Census Tract 145.01, Erie County, New York",1584,1552
1500000US360290145021,360290145021,"Block Group 1, Census Tract 145.02, Erie County, New York",820,820
1500000US360290145022,360290145022,"Block Group 2, Census Tract 145.02, Erie County, New York",1549,1406
1500000US360290146011,360290146011,"Block Group 1, Census Tract 146.01, Erie County, New York",1271,1154
1500000US360290146012,360290146012,"Block Group 2, Census Tract 146.01, Erie County, New York",2063,1834
1500000US360290146013,360290146013,"Block Group 3, Census Tract 146.01, Erie County, New York",820,820
1500000US360290146014,360290146014,"Block Group 4, Census Tract 146.01, Erie County, New York",1000,986
1500000US360290146031,360290146031,"Block Group 1, Census Tract 146.03, Erie County, New York",2481,2115
1500000US360290146032,360290146032,"Block Group 2, Census Tract 146.03, Erie County, New York",1098,927
1500000US360290146033,360290146033,"Block Group 3, Census Tract 146.03, Erie County, New York",759,714
1500000US360290146041,360290146041,"Block Group 1, Census Tract 146.04, Erie County, New York",2712,2485
1500000US360290146042,360290146042,"Block Group 2, Census Tract 146.04, Erie County, New York",2565,2272
1500000US360290146043,360290146043,"Block Group 3, Census Tract 146.04, Erie County, New York",1935,1809
1500000US360290146044,360290146044,"Block Group 4, Census Tract 146.04, Erie County, New York",880,869
1500000US360290147011,360290147011,"Block Group 1, Census Tract 147.01, Erie County, New York",746,718
1500000US360290147012,360290147012,"Block Group 2, Census Tract 147.01, Erie County, New York",1331,1322
1500000US360290147013,360290147013,"Block Group 3, Census Tract 147.01, Erie County, New York",3331,3139
1500000US360290147021,360290147021,"Block Group 1, Census Tract 147.02, Erie County, New York",1017,952
1500000US360290147022,360290147022,"Block Group 2, Census Tract 147.02, Erie County, New York",1932,1821
1500000US360290147023,360290147023,"Block Group 3, Census Tract 147.02, Erie County, New York",1405,1317
1500000US360290147024,360290147024,"Block Group 4, Census Tract 147.02, Erie County, New York",1551,1527
1500000US360290147025,360290147025,"Block Group 5, Census Tract 147.02, Erie County, New York",2479,2141
1500000US360290148011,360290148011,"Block Group 1, Census Tract 148.01, Erie County, New York",1284,1220
1500000US360290148012,360290148012,"Block Group 2, Census Tract 148.01, Erie County, New York",1271,1217
1500000US360290148031,360290148031,"Block Group 1, Census Tract 148.03, Erie County, New York",1011,1011
1500000US360290148032,360290148032,"Block Group 2, Census Tract 148.03, Erie County, New York",1135,1113
1500000US360290148033,360290148033,"Block Group 3, Census Tract 148.03, Erie County, New York",1826,1737
1500000US360290148034,360290148034,"Block Group 4, Census Tract 148.03, Erie County, New York",2126,2034
1500000US360290149011,360290149011,"Block Group 1, Census Tract 149.01, Erie County, New York",1344,1323
1500000US360290149012,360290149012,"Block Group 2, Census Tract 149.01, Erie County, New York",1246,1214
1500000US360290149031,360290149031,"Block Group 1, Census Tract 149.03, Erie County, New York",1564,1498
1500000US360290149032,360290149032,"Block Group 2, Census Tract 149.03, Erie County, New York",504,470
1500000US360290149033,360290149033,"Block Group 3, Census Tract 149.03, Erie County, New York",2781,2684
1500000US360290149034,360290149034,"Block Group 4, Census Tract 149.03, Erie County, New York",874,874
1500000US360290149041,360290149041,"Block Group 1, Census Tract 149.04, Erie County, New York",2069,833
1500000US360290150011,360290150011,"Block Group 1, Census Tract 150.01, Erie County, New York",1993,1993
1500000US360290150012,360290150012,"Block Group 2, Census Tract 150.01, Erie County, New York",2757,2757
1500000US360290150013,360290150013,"Block Group 3, Census Tract 150.01, Erie County, New York",595,595
1500000US360290150021,360290150021,"Block Group 1, Census Tract 150.02, Erie County, New York",2263,2235
1500000US360290150022,360290150022,"Block Group 2, Census Tract 150.02, Erie County, New York",767,608
1500000US360290150031,360290150031,"Block Group 1, Census Tract 150.03, Erie County, New York",2280,2233
1500000US360290150032,360290150032,"Block Group 2, Census Tract 150.03, Erie County, New York",1123,1108
1500000US360290151011,360290151011,"Block Group 1, Census Tract 151.01, Erie County, New York",1707,1677
1500000US360290151012,360290151012,"Block Group 2, Census Tract 151.01, Erie County, New York",607,602
1500000US360290151013,360290151013,"Block Group 3, Census Tract 151.01, Erie County, New York",956,946
1500000US360290151021,360290151021,"Block Group 1, Census Tract 151.02, Erie County, New York",1565,1549
1500000US360290151022,360290151022,"Block Group 2, Census Tract 151.02, Erie County, New York",1229,1226
1500000US360290152011,360290152011,"Block Group 1, Census Tract 152.01, Erie County, New York",964,964
1500000US360290152012,360290152012,"Block Group 2, Census Tract 152.01, Erie County, New York",2102,2039
1500000US360290152021,360290152021,"Block Group 1, Census Tract 152.02, Erie County, New York",1766,1766
1500000US360290152022,360290152022,"Block Group 2, Census Tract 152.02, Erie County, New York",1463,1463
1500000US360290152023,360290152023,"Block Group 3, Census Tract 152.02, Erie County, New York",1734,1728
1500000US360290153011,360290153011,"Block Group 1, Census Tract 153.01, Erie County, New York",1054,1053
1500000US360290153012,360290153012,"Block Group 2, Census Tract 153.01, Erie County, New York",1580,1574
1500000US360290153013,360290153013,"Block Group 3, Census Tract 153.01, Erie County, New York",2217,2211
1500000US360290153021,360290153021,"Block Group 1, Census Tract 153.02, Erie County, New York",832,832
1500000US360290153022,360290153022,"Block Group 2, Census Tract 153.02, Erie County, New York",1157,1157
1500000US360290153023,360290153023,"Block Group 3, Census Tract 153.02, Erie County, New York",851,851
1500000US360290154011,360290154011,"Block Group 1, Census Tract 154.01, Erie County, New York",1515,1482
1500000US360290154012,360290154012,"Block Group 2, Census Tract 154.01, Erie County, New York",1030,1030
1500000US360290154021,360290154021,"Block Group 1, Census Tract 154.02, Erie County, New York",1088,1068
1500000US360290154022,360290154022,"Block Group 2, Census Tract 154.02, Erie County, New York",788,788
1500000US360290154023,360290154023,"Block Group 3, Census Tract 154.02, Erie County, New York",1506,1449
1500000US360290154024,360290154024,"Block Group 4, Census Tract 154.02, Erie County, New York",1770,1718
1500000US360290155011,360290155011,"Block Group 1, Census Tract 155.01, Erie County, New York",1858,1719
1500000US360290155031,360290155031,"Block Group 1, Census Tract 155.03, Erie County, New York",1280,1172
1500000US360290155032,360290155032,"Block Group 2, Census Tract 155.03, Erie County, New York",1255,1221
1500000US360290155041,360290155041,"Block Group 1, Census Tract 155.04, Erie County, New York",1167,1117
1500000US360290155042,360290155042,"Block Group 2, Census Tract 155.04, Erie County, New York",1323,1304
1500000US360290155043,360290155043,"Block Group 3, Census Tract 155.04, Erie County, New York",407,407
1500000US360290155044,360290155044,"Block Group 4, Census Tract 155.04, Erie County, New York",1331,1281
1500000US360290156001,360290156001,"Block Group 1, Census Tract 156, Erie County, New York",1247,1200
1500000US360290156002,360290156002,"Block Group 2, Census Tract 156, Erie County, New York",924,759
1500000US360290157001,360290157001,"Block Group 1, Census Tract 157, Erie County, New York",1036,1028
1500000US360290157002,360290157002,"Block Group 2, Census Tract 157, Erie County, New York",853,834
1500000US360290157003,360290157003,"Block Group 3, Census Tract 157, Erie County, New York",685,671
1500000US360290157004,360290157004,"Block Group 4, Census Tract 157, Erie County, New York",939,904
1500000US360290158001,360290158001,"Block Group 1, Census Tract 158, Erie County, New York",2184,2127
1500000US360290158002,360290158002,"Block Group 2, Census Tract 158, Erie County, New York",2035,2026
1500000US360290159001,360290159001,"Block Group 1, Census Tract 159, Erie County, New York",2368,2288
1500000US360290159002,360290159002,"Block Group 2, Census Tract 159, Erie County, New York",1960,1795
1500000US360290161001,360290161001,"Block Group 1, Census Tract 161, Erie County, New York",2659,1175
1500000US360290162001,360290162001,"Block Group 1, Census Tract 162, Erie County, New York",1094,823
1500000US360290162002,360290162002,"Block Group 2, Census Tract 162, Erie County, New York",958,862
1500000US360290163001,360290163001,"Block Group 1, Census Tract 163, Erie County, New York",942,783
1500000US360290163002,360290163002,"Block Group 2, Census Tract 163, Erie County, New York",710,445
1500000US360290163003,360290163003,"Block Group 3, Census Tract 163, Erie County, New York",922,837
1500000US360290164001,360290164001,"Block Group 1, Census Tract 164, Erie County, New York",731,97
1500000US360290164002,360290164002,"Block Group 2, Census Tract 164, Erie County, New York",704,613
1500000US360290164003,360290164003,"Block Group 3, Census Tract 164, Erie County, New York",530,213
1500000US360290164004,360290164004,"Block Group 4, Census Tract 164, Erie County, New York",1081,146
1500000US360290165001,360290165001,"Block Group 1, Census Tract 165, Erie County, New York",1561,1036
1500000US360290166001,360290166001,"Block Group 1, Census Tract 166, Erie County, New York",729,11
1500000US360290166002,360290166002,"Block Group 2, Census Tract 166, Erie County, New York",413,0
1500000US360290166003,360290166003,"Block Group 3, Census Tract 166, Erie County, New York",403,15
1500000US360290166004,360290166004,"Block Group 4, Census Tract 166, Erie County, New York",1028,35
1500000US360290167001,360290167001,"Block Group 1, Census Tract 167, Erie County, New York",699,671
1500000US360290167002,360290167002,"Block Group 2, Census Tract 167, Erie County, New York",525,513
1500000US360290167003,360290167003,"Block Group 3, Census Tract 167, Erie County, New York",848,782
1500000US360290168001,360290168001,"Block Group 1, Census Tract 168, Erie County, New York",757,23
1500000US360290168002,360290168002,"Block Group 2, Census Tract 168, Erie County, New York",1428,103
1500000US360290168003,360290168003,"Block Group 3, Census Tract 168, Erie County, New York",532,0
1500000US360290168004,360290168004,"Block Group 4, Census Tract 168, Erie County, New York",877,37
1500000US360290169001,360290169001,"Block Group 1, Census Tract 169, Erie County, New York",1047,1025
1500000US360290169002,360290169002,"Block Group 2, Census Tract 169, Erie County, New York",553,439
1500000US360290169003,360290169003,"Block Group 3, Census Tract 169, Erie County, New York",1152,526
1500000US360290169004,360290169004,"Block Group 4, Census Tract 169, Erie County, New York",984,484
1500000US360290170001,360290170001,"Block Group 1, Census Tract 170, Erie County, New York",1008,22
1500000US360290170002,360290170002,"Block Group 2, Census Tract 170, Erie County, New York",1877,109
1500000US360290171001,360290171001,"Block Group 1, Census Tract 171, Erie County, New York",1114,197
1500000US360290171002,360290171002,"Block Group 2, Census Tract 171, Erie County, New York",1106,86
1500000US360290171003,360290171003,"Block Group 3, Census Tract 171, Erie County, New York",1106,383
1500000US360290171004,360290171004,"Block Group 4, Census Tract 171, Erie County, New York",1168,384
1500000US360290171005,360290171005,"Block Group 5, Census Tract 171, Erie County, New York",1084,513
1500000US360290172001,360290172001,"Block Group 1, Census Tract 172, Erie County, New York",651,614
1500000US360290172002,360290172002,"Block Group 2, Census Tract 172, Erie County, New York",517,517
1500000US360290172003,360290172003,"Block Group 3, Census Tract 172, Erie County, New York",1100,1082
1500000US360290173001,360290173001,"Block Group 1, Census Tract 173, Erie County, New York",2651,2582
1500000US360290173002,360290173002,"Block Group 2, Census Tract 173, Erie County, New York",847,793
1500000US360290173003,360290173003,"Block Group 3, Census Tract 173, Erie County, New York",2456,2423
1500000US360290173004,360290173004,"Block Group 4, Census Tract 173, Erie County, New York",1073,1073
1500000US360290174001,360290174001,"Block Group 1, Census Tract 174, Erie County, New York",1409,991
1500000US360290174002,360290174002,"Block Group 2, Census Tract 174, Erie County, New York",1173,875
1500000US360290174003,360290174003,"Block Group 3, Census Tract 174, Erie County, New York",906,252
1500000US360290174004,360290174004,"Block Group 4, Census Tract 174, Erie County, New York",732,58
1500000US360290175011,360290175011,"Block Group 1, Census Tract 175.01, Erie County, New York",572,535
1500000US360290175012,360290175012,"Block Group 2, Census Tract 175.01, Erie County, New York",856,704
1500000US360290175021,360290175021,"Block Group 1, Census Tract 175.02, Erie County, New York",1244,1244
1500000US360290175022,360290175022,"Block Group 2, Census Tract 175.02, Erie County, New York",1217,1188
1500000US360299400001,360299400001,"Block Group 1, Census Tract 9400, Erie County, New York",1229,90
1500000US360299400002,360299400002,"Block Group 2, Census Tract 9400, Erie County, New York",533,23
1500000US360299401001,360299401001,"Block Group 1, Census Tract 9401, Erie County, New York",18,0
1500000US360299900000,360299900000,"Block Group 0, Census Tract 9900, Erie County, New York",0,0
