GEO.id,GEO.id2,GEO.display-label,HD01_VD01,HD01_VD02,HD01_VD03,VacancyRate
Id,Id2,Geography,Estimate; Total:,Estimate; Total: - Occupied,Estimate; Total: - Vacant,
1500000US360290001101,360290001101,"Block Group 1, Census Tract 1.10, Erie County, New York",227,175,52,0.22907489
1500000US360290001102,360290001102,"Block Group 2, Census Tract 1.10, Erie County, New York",0,0,0,#DIV/0!
1500000US360290001103,360290001103,"Block Group 3, Census Tract 1.10, Erie County, New York",390,329,61,0.156410256
1500000US360290001104,360290001104,"Block Group 4, Census Tract 1.10, Erie County, New York",582,536,46,0.079037801
1500000US360290002001,360290002001,"Block Group 1, Census Tract 2, Erie County, New York",555,555,0,0
1500000US360290002002,360290002002,"Block Group 2, Census Tract 2, Erie County, New York",318,279,39,0.122641509
1500000US360290002003,360290002003,"Block Group 3, Census Tract 2, Erie County, New York",603,523,80,0.132669983
1500000US360290002004,360290002004,"Block Group 4, Census Tract 2, Erie County, New York",445,411,34,0.076404494
1500000US360290005001,360290005001,"Block Group 1, Census Tract 5, Erie County, New York",551,381,170,0.308529946
1500000US360290005002,360290005002,"Block Group 2, Census Tract 5, Erie County, New York",498,420,78,0.156626506
1500000US360290006001,360290006001,"Block Group 1, Census Tract 6, Erie County, New York",786,771,15,0.019083969
1500000US360290006002,360290006002,"Block Group 2, Census Tract 6, Erie County, New York",565,455,110,0.194690265
1500000US360290006003,360290006003,"Block Group 3, Census Tract 6, Erie County, New York",499,462,37,0.074148297
1500000US360290006004,360290006004,"Block Group 4, Census Tract 6, Erie County, New York",375,335,40,0.106666667
1500000US360290007001,360290007001,"Block Group 1, Census Tract 7, Erie County, New York",242,216,26,0.107438017
1500000US360290007002,360290007002,"Block Group 2, Census Tract 7, Erie County, New York",353,327,26,0.073654391
1500000US360290007003,360290007003,"Block Group 3, Census Tract 7, Erie County, New York",237,237,0,0
1500000US360290007004,360290007004,"Block Group 4, Census Tract 7, Erie County, New York",527,416,111,0.210626186
1500000US360290007005,360290007005,"Block Group 5, Census Tract 7, Erie County, New York",305,285,20,0.06557377
1500000US360290008001,360290008001,"Block Group 1, Census Tract 8, Erie County, New York",359,328,31,0.086350975
1500000US360290008002,360290008002,"Block Group 2, Census Tract 8, Erie County, New York",834,678,156,0.18705036
1500000US360290008003,360290008003,"Block Group 3, Census Tract 8, Erie County, New York",710,676,34,0.047887324
1500000US360290008004,360290008004,"Block Group 4, Census Tract 8, Erie County, New York",197,197,0,0
1500000US360290009001,360290009001,"Block Group 1, Census Tract 9, Erie County, New York",239,205,34,0.142259414
1500000US360290009002,360290009002,"Block Group 2, Census Tract 9, Erie County, New York",418,418,0,0
1500000US360290009003,360290009003,"Block Group 3, Census Tract 9, Erie County, New York",446,446,0,0
1500000US360290010001,360290010001,"Block Group 1, Census Tract 10, Erie County, New York",656,491,165,0.25152439
1500000US360290010002,360290010002,"Block Group 2, Census Tract 10, Erie County, New York",368,324,44,0.119565217
1500000US360290010003,360290010003,"Block Group 3, Census Tract 10, Erie County, New York",489,451,38,0.077709611
1500000US360290010004,360290010004,"Block Group 4, Census Tract 10, Erie County, New York",298,258,40,0.134228188
1500000US360290010005,360290010005,"Block Group 5, Census Tract 10, Erie County, New York",847,752,95,0.112160567
1500000US360290011001,360290011001,"Block Group 1, Census Tract 11, Erie County, New York",719,665,54,0.075104312
1500000US360290011002,360290011002,"Block Group 2, Census Tract 11, Erie County, New York",277,232,45,0.162454874
1500000US360290011003,360290011003,"Block Group 3, Census Tract 11, Erie County, New York",553,466,87,0.157323689
1500000US360290014021,360290014021,"Block Group 1, Census Tract 14.02, Erie County, New York",509,461,48,0.094302554
1500000US360290014022,360290014022,"Block Group 2, Census Tract 14.02, Erie County, New York",330,185,145,0.439393939
1500000US360290014023,360290014023,"Block Group 3, Census Tract 14.02, Erie County, New York",619,545,74,0.119547658
1500000US360290014024,360290014024,"Block Group 4, Census Tract 14.02, Erie County, New York",459,356,103,0.224400871
1500000US360290015001,360290015001,"Block Group 1, Census Tract 15, Erie County, New York",228,213,15,0.065789474
1500000US360290015002,360290015002,"Block Group 2, Census Tract 15, Erie County, New York",616,539,77,0.125
1500000US360290016001,360290016001,"Block Group 1, Census Tract 16, Erie County, New York",436,282,154,0.353211009
1500000US360290016002,360290016002,"Block Group 2, Census Tract 16, Erie County, New York",555,391,164,0.295495495
1500000US360290016003,360290016003,"Block Group 3, Census Tract 16, Erie County, New York",238,107,131,0.550420168
1500000US360290016004,360290016004,"Block Group 4, Census Tract 16, Erie County, New York",479,302,177,0.369519833
1500000US360290017001,360290017001,"Block Group 1, Census Tract 17, Erie County, New York",675,499,176,0.260740741
1500000US360290017002,360290017002,"Block Group 2, Census Tract 17, Erie County, New York",307,232,75,0.244299674
1500000US360290019001,360290019001,"Block Group 1, Census Tract 19, Erie County, New York",660,577,83,0.125757576
1500000US360290019002,360290019002,"Block Group 2, Census Tract 19, Erie County, New York",620,553,67,0.108064516
1500000US360290019003,360290019003,"Block Group 3, Census Tract 19, Erie County, New York",307,245,62,0.201954397
1500000US360290023001,360290023001,"Block Group 1, Census Tract 23, Erie County, New York",399,308,91,0.228070175
1500000US360290023002,360290023002,"Block Group 2, Census Tract 23, Erie County, New York",386,368,18,0.046632124
1500000US360290023003,360290023003,"Block Group 3, Census Tract 23, Erie County, New York",266,259,7,0.026315789
1500000US360290023004,360290023004,"Block Group 4, Census Tract 23, Erie County, New York",563,470,93,0.165186501
1500000US360290024001,360290024001,"Block Group 1, Census Tract 24, Erie County, New York",376,209,167,0.444148936
1500000US360290024002,360290024002,"Block Group 2, Census Tract 24, Erie County, New York",208,208,0,0
1500000US360290024003,360290024003,"Block Group 3, Census Tract 24, Erie County, New York",604,493,111,0.183774834
1500000US360290024004,360290024004,"Block Group 4, Census Tract 24, Erie County, New York",483,455,28,0.057971014
1500000US360290024005,360290024005,"Block Group 5, Census Tract 24, Erie County, New York",310,269,41,0.132258065
1500000US360290024006,360290024006,"Block Group 6, Census Tract 24, Erie County, New York",344,265,79,0.229651163
1500000US360290025021,360290025021,"Block Group 1, Census Tract 25.02, Erie County, New York",544,484,60,0.110294118
1500000US360290025022,360290025022,"Block Group 2, Census Tract 25.02, Erie County, New York",611,540,71,0.116202946
1500000US360290027021,360290027021,"Block Group 1, Census Tract 27.02, Erie County, New York",302,210,92,0.304635762
1500000US360290027022,360290027022,"Block Group 2, Census Tract 27.02, Erie County, New York",295,163,132,0.447457627
1500000US360290027023,360290027023,"Block Group 3, Census Tract 27.02, Erie County, New York",381,202,179,0.469816273
1500000US360290027024,360290027024,"Block Group 4, Census Tract 27.02, Erie County, New York",398,255,143,0.359296482
1500000US360290028001,360290028001,"Block Group 1, Census Tract 28, Erie County, New York",232,142,90,0.387931034
1500000US360290028002,360290028002,"Block Group 2, Census Tract 28, Erie County, New York",425,234,191,0.449411765
1500000US360290028003,360290028003,"Block Group 3, Census Tract 28, Erie County, New York",237,144,93,0.392405063
1500000US360290028004,360290028004,"Block Group 4, Census Tract 28, Erie County, New York",439,355,84,0.191343964
1500000US360290029001,360290029001,"Block Group 1, Census Tract 29, Erie County, New York",248,147,101,0.407258065
1500000US360290029002,360290029002,"Block Group 2, Census Tract 29, Erie County, New York",326,228,98,0.300613497
1500000US360290029003,360290029003,"Block Group 3, Census Tract 29, Erie County, New York",293,204,89,0.303754266
1500000US360290029004,360290029004,"Block Group 4, Census Tract 29, Erie County, New York",313,228,85,0.271565495
1500000US360290030001,360290030001,"Block Group 1, Census Tract 30, Erie County, New York",360,328,32,0.088888889
1500000US360290030002,360290030002,"Block Group 2, Census Tract 30, Erie County, New York",604,481,123,0.203642384
1500000US360290030003,360290030003,"Block Group 3, Census Tract 30, Erie County, New York",416,273,143,0.34375
1500000US360290031001,360290031001,"Block Group 1, Census Tract 31, Erie County, New York",383,149,234,0.610966057
1500000US360290031002,360290031002,"Block Group 2, Census Tract 31, Erie County, New York",278,171,107,0.384892086
1500000US360290031003,360290031003,"Block Group 3, Census Tract 31, Erie County, New York",458,283,175,0.38209607
1500000US360290031004,360290031004,"Block Group 4, Census Tract 31, Erie County, New York",171,155,16,0.093567251
1500000US360290033011,360290033011,"Block Group 1, Census Tract 33.01, Erie County, New York",338,224,114,0.337278107
1500000US360290033012,360290033012,"Block Group 2, Census Tract 33.01, Erie County, New York",400,343,57,0.1425
1500000US360290033013,360290033013,"Block Group 3, Census Tract 33.01, Erie County, New York",682,520,162,0.237536657
1500000US360290033014,360290033014,"Block Group 4, Census Tract 33.01, Erie County, New York",478,363,115,0.240585774
1500000US360290033021,360290033021,"Block Group 1, Census Tract 33.02, Erie County, New York",455,312,143,0.314285714
1500000US360290033022,360290033022,"Block Group 2, Census Tract 33.02, Erie County, New York",539,444,95,0.176252319
1500000US360290033023,360290033023,"Block Group 3, Census Tract 33.02, Erie County, New York",453,375,78,0.17218543
1500000US360290033024,360290033024,"Block Group 4, Census Tract 33.02, Erie County, New York",424,317,107,0.252358491
1500000US360290034001,360290034001,"Block Group 1, Census Tract 34, Erie County, New York",361,288,73,0.202216066
1500000US360290034002,360290034002,"Block Group 2, Census Tract 34, Erie County, New York",403,310,93,0.230769231
1500000US360290034003,360290034003,"Block Group 3, Census Tract 34, Erie County, New York",454,245,209,0.460352423
1500000US360290034004,360290034004,"Block Group 4, Census Tract 34, Erie County, New York",206,143,63,0.305825243
1500000US360290034005,360290034005,"Block Group 5, Census Tract 34, Erie County, New York",227,164,63,0.27753304
1500000US360290035001,360290035001,"Block Group 1, Census Tract 35, Erie County, New York",160,160,0,0
1500000US360290035002,360290035002,"Block Group 2, Census Tract 35, Erie County, New York",526,348,178,0.338403042
1500000US360290035003,360290035003,"Block Group 3, Census Tract 35, Erie County, New York",721,573,148,0.205270458
1500000US360290035004,360290035004,"Block Group 4, Census Tract 35, Erie County, New York",610,493,117,0.191803279
1500000US360290036001,360290036001,"Block Group 1, Census Tract 36, Erie County, New York",340,322,18,0.052941176
1500000US360290036002,360290036002,"Block Group 2, Census Tract 36, Erie County, New York",390,283,107,0.274358974
1500000US360290036003,360290036003,"Block Group 3, Census Tract 36, Erie County, New York",504,360,144,0.285714286
1500000US360290036004,360290036004,"Block Group 4, Census Tract 36, Erie County, New York",196,156,40,0.204081633
1500000US360290037001,360290037001,"Block Group 1, Census Tract 37, Erie County, New York",505,460,45,0.089108911
1500000US360290037002,360290037002,"Block Group 2, Census Tract 37, Erie County, New York",453,401,52,0.114790287
1500000US360290037003,360290037003,"Block Group 3, Census Tract 37, Erie County, New York",169,126,43,0.25443787
1500000US360290037004,360290037004,"Block Group 4, Census Tract 37, Erie County, New York",550,487,63,0.114545455
1500000US360290037005,360290037005,"Block Group 5, Census Tract 37, Erie County, New York",304,228,76,0.25
1500000US360290038001,360290038001,"Block Group 1, Census Tract 38, Erie County, New York",452,403,49,0.10840708
1500000US360290038002,360290038002,"Block Group 2, Census Tract 38, Erie County, New York",363,313,50,0.137741047
1500000US360290038003,360290038003,"Block Group 3, Census Tract 38, Erie County, New York",488,395,93,0.19057377
1500000US360290039011,360290039011,"Block Group 1, Census Tract 39.01, Erie County, New York",586,507,79,0.134812287
1500000US360290040011,360290040011,"Block Group 1, Census Tract 40.01, Erie County, New York",619,553,66,0.106623586
1500000US360290040012,360290040012,"Block Group 2, Census Tract 40.01, Erie County, New York",382,327,55,0.143979058
1500000US360290040013,360290040013,"Block Group 3, Census Tract 40.01, Erie County, New York",492,426,66,0.134146341
1500000US360290040014,360290040014,"Block Group 4, Census Tract 40.01, Erie County, New York",409,302,107,0.261613692
1500000US360290040015,360290040015,"Block Group 5, Census Tract 40.01, Erie County, New York",372,343,29,0.077956989
1500000US360290041001,360290041001,"Block Group 1, Census Tract 41, Erie County, New York",723,582,141,0.195020747
1500000US360290041002,360290041002,"Block Group 2, Census Tract 41, Erie County, New York",497,469,28,0.056338028
1500000US360290041003,360290041003,"Block Group 3, Census Tract 41, Erie County, New York",405,372,33,0.081481481
1500000US360290041004,360290041004,"Block Group 4, Census Tract 41, Erie County, New York",652,548,104,0.159509202
1500000US360290042001,360290042001,"Block Group 1, Census Tract 42, Erie County, New York",293,234,59,0.201365188
1500000US360290042002,360290042002,"Block Group 2, Census Tract 42, Erie County, New York",388,289,99,0.255154639
1500000US360290042003,360290042003,"Block Group 3, Census Tract 42, Erie County, New York",332,252,80,0.240963855
1500000US360290042004,360290042004,"Block Group 4, Census Tract 42, Erie County, New York",246,230,16,0.06504065
1500000US360290042005,360290042005,"Block Group 5, Census Tract 42, Erie County, New York",404,404,0,0
1500000US360290043001,360290043001,"Block Group 1, Census Tract 43, Erie County, New York",443,347,96,0.216704289
1500000US360290043002,360290043002,"Block Group 2, Census Tract 43, Erie County, New York",401,346,55,0.137157107
1500000US360290043003,360290043003,"Block Group 3, Census Tract 43, Erie County, New York",661,521,140,0.211800303
1500000US360290043004,360290043004,"Block Group 4, Census Tract 43, Erie County, New York",169,169,0,0
1500000US360290043005,360290043005,"Block Group 5, Census Tract 43, Erie County, New York",386,386,0,0
1500000US360290043006,360290043006,"Block Group 6, Census Tract 43, Erie County, New York",454,317,137,0.301762115
1500000US360290043007,360290043007,"Block Group 7, Census Tract 43, Erie County, New York",147,147,0,0
1500000US360290044011,360290044011,"Block Group 1, Census Tract 44.01, Erie County, New York",320,306,14,0.04375
1500000US360290044012,360290044012,"Block Group 2, Census Tract 44.01, Erie County, New York",442,348,94,0.212669683
1500000US360290044013,360290044013,"Block Group 3, Census Tract 44.01, Erie County, New York",712,611,101,0.141853933
1500000US360290044014,360290044014,"Block Group 4, Census Tract 44.01, Erie County, New York",676,573,103,0.152366864
1500000US360290044021,360290044021,"Block Group 1, Census Tract 44.02, Erie County, New York",791,722,69,0.087231353
1500000US360290044022,360290044022,"Block Group 2, Census Tract 44.02, Erie County, New York",494,494,0,0
1500000US360290045001,360290045001,"Block Group 1, Census Tract 45, Erie County, New York",550,498,52,0.094545455
1500000US360290045002,360290045002,"Block Group 2, Census Tract 45, Erie County, New York",506,506,0,0
1500000US360290045003,360290045003,"Block Group 3, Census Tract 45, Erie County, New York",551,507,44,0.079854809
1500000US360290045004,360290045004,"Block Group 4, Census Tract 45, Erie County, New York",307,307,0,0
1500000US360290045005,360290045005,"Block Group 5, Census Tract 45, Erie County, New York",418,418,0,0
1500000US360290045006,360290045006,"Block Group 6, Census Tract 45, Erie County, New York",363,317,46,0.126721763
1500000US360290046011,360290046011,"Block Group 1, Census Tract 46.01, Erie County, New York",249,249,0,0
1500000US360290046012,360290046012,"Block Group 2, Census Tract 46.01, Erie County, New York",319,270,49,0.153605016
1500000US360290046013,360290046013,"Block Group 3, Census Tract 46.01, Erie County, New York",403,386,17,0.042183623
1500000US360290046014,360290046014,"Block Group 4, Census Tract 46.01, Erie County, New York",430,351,79,0.18372093
1500000US360290046021,360290046021,"Block Group 1, Census Tract 46.02, Erie County, New York",4,4,0,0
1500000US360290047001,360290047001,"Block Group 1, Census Tract 47, Erie County, New York",454,415,39,0.085903084
1500000US360290047002,360290047002,"Block Group 2, Census Tract 47, Erie County, New York",434,313,121,0.278801843
1500000US360290047003,360290047003,"Block Group 3, Census Tract 47, Erie County, New York",525,447,78,0.148571429
1500000US360290047004,360290047004,"Block Group 4, Census Tract 47, Erie County, New York",743,686,57,0.076716016
1500000US360290047005,360290047005,"Block Group 5, Census Tract 47, Erie County, New York",810,530,280,0.345679012
1500000US360290048001,360290048001,"Block Group 1, Census Tract 48, Erie County, New York",565,551,14,0.024778761
1500000US360290048002,360290048002,"Block Group 2, Census Tract 48, Erie County, New York",630,595,35,0.055555556
1500000US360290048003,360290048003,"Block Group 3, Census Tract 48, Erie County, New York",683,683,0,0
1500000US360290049001,360290049001,"Block Group 1, Census Tract 49, Erie County, New York",933,814,119,0.127545552
1500000US360290049002,360290049002,"Block Group 2, Census Tract 49, Erie County, New York",776,716,60,0.077319588
1500000US360290049003,360290049003,"Block Group 3, Census Tract 49, Erie County, New York",400,400,0,0
1500000US360290049004,360290049004,"Block Group 4, Census Tract 49, Erie County, New York",352,338,14,0.039772727
1500000US360290049005,360290049005,"Block Group 5, Census Tract 49, Erie County, New York",602,602,0,0
1500000US360290050001,360290050001,"Block Group 1, Census Tract 50, Erie County, New York",524,477,47,0.089694656
1500000US360290050002,360290050002,"Block Group 2, Census Tract 50, Erie County, New York",272,272,0,0
1500000US360290050003,360290050003,"Block Group 3, Census Tract 50, Erie County, New York",452,359,93,0.205752212
1500000US360290051001,360290051001,"Block Group 1, Census Tract 51, Erie County, New York",1075,960,115,0.106976744
1500000US360290051002,360290051002,"Block Group 2, Census Tract 51, Erie County, New York",398,398,0,0
1500000US360290051003,360290051003,"Block Group 3, Census Tract 51, Erie County, New York",607,607,0,0
1500000US360290051004,360290051004,"Block Group 4, Census Tract 51, Erie County, New York",413,395,18,0.043583535
1500000US360290052011,360290052011,"Block Group 1, Census Tract 52.01, Erie County, New York",465,342,123,0.264516129
1500000US360290052012,360290052012,"Block Group 2, Census Tract 52.01, Erie County, New York",263,233,30,0.114068441
1500000US360290052013,360290052013,"Block Group 3, Census Tract 52.01, Erie County, New York",223,147,76,0.340807175
1500000US360290052014,360290052014,"Block Group 4, Census Tract 52.01, Erie County, New York",545,471,74,0.135779817
1500000US360290052021,360290052021,"Block Group 1, Census Tract 52.02, Erie County, New York",452,378,74,0.163716814
1500000US360290052022,360290052022,"Block Group 2, Census Tract 52.02, Erie County, New York",586,498,88,0.150170648
1500000US360290053001,360290053001,"Block Group 1, Census Tract 53, Erie County, New York",264,254,10,0.037878788
1500000US360290053002,360290053002,"Block Group 2, Census Tract 53, Erie County, New York",290,290,0,0
1500000US360290054001,360290054001,"Block Group 1, Census Tract 54, Erie County, New York",797,734,63,0.079046424
1500000US360290054002,360290054002,"Block Group 2, Census Tract 54, Erie County, New York",555,503,52,0.093693694
1500000US360290054003,360290054003,"Block Group 3, Census Tract 54, Erie County, New York",269,269,0,0
1500000US360290054004,360290054004,"Block Group 4, Census Tract 54, Erie County, New York",416,388,28,0.067307692
1500000US360290055001,360290055001,"Block Group 1, Census Tract 55, Erie County, New York",516,400,116,0.224806202
1500000US360290055002,360290055002,"Block Group 2, Census Tract 55, Erie County, New York",649,498,151,0.232665639
1500000US360290055003,360290055003,"Block Group 3, Census Tract 55, Erie County, New York",496,365,131,0.264112903
1500000US360290055004,360290055004,"Block Group 4, Census Tract 55, Erie County, New York",456,343,113,0.247807018
1500000US360290056001,360290056001,"Block Group 1, Census Tract 56, Erie County, New York",290,237,53,0.182758621
1500000US360290056002,360290056002,"Block Group 2, Census Tract 56, Erie County, New York",306,260,46,0.150326797
1500000US360290056003,360290056003,"Block Group 3, Census Tract 56, Erie County, New York",597,561,36,0.060301508
1500000US360290056004,360290056004,"Block Group 4, Census Tract 56, Erie County, New York",486,411,75,0.154320988
1500000US360290056005,360290056005,"Block Group 5, Census Tract 56, Erie County, New York",317,277,40,0.126182965
1500000US360290057001,360290057001,"Block Group 1, Census Tract 57, Erie County, New York",436,333,103,0.236238532
1500000US360290057002,360290057002,"Block Group 2, Census Tract 57, Erie County, New York",330,246,84,0.254545455
1500000US360290057003,360290057003,"Block Group 3, Census Tract 57, Erie County, New York",592,486,106,0.179054054
1500000US360290058011,360290058011,"Block Group 1, Census Tract 58.01, Erie County, New York",640,570,70,0.109375
1500000US360290058012,360290058012,"Block Group 2, Census Tract 58.01, Erie County, New York",465,428,37,0.079569892
1500000US360290058013,360290058013,"Block Group 3, Census Tract 58.01, Erie County, New York",418,418,0,0
1500000US360290058021,360290058021,"Block Group 1, Census Tract 58.02, Erie County, New York",374,352,22,0.058823529
1500000US360290058022,360290058022,"Block Group 2, Census Tract 58.02, Erie County, New York",589,471,118,0.200339559
1500000US360290058023,360290058023,"Block Group 3, Census Tract 58.02, Erie County, New York",356,278,78,0.219101124
1500000US360290058024,360290058024,"Block Group 4, Census Tract 58.02, Erie County, New York",638,562,76,0.119122257
1500000US360290059001,360290059001,"Block Group 1, Census Tract 59, Erie County, New York",332,298,34,0.102409639
1500000US360290059002,360290059002,"Block Group 2, Census Tract 59, Erie County, New York",377,286,91,0.24137931
1500000US360290059003,360290059003,"Block Group 3, Census Tract 59, Erie County, New York",324,241,83,0.25617284
1500000US360290059004,360290059004,"Block Group 4, Census Tract 59, Erie County, New York",328,312,16,0.048780488
1500000US360290059005,360290059005,"Block Group 5, Census Tract 59, Erie County, New York",613,553,60,0.097879282
1500000US360290061001,360290061001,"Block Group 1, Census Tract 61, Erie County, New York",512,447,65,0.126953125
1500000US360290061002,360290061002,"Block Group 2, Census Tract 61, Erie County, New York",347,272,75,0.216138329
1500000US360290061003,360290061003,"Block Group 3, Census Tract 61, Erie County, New York",338,227,111,0.328402367
1500000US360290061004,360290061004,"Block Group 4, Census Tract 61, Erie County, New York",473,383,90,0.190274841
1500000US360290061005,360290061005,"Block Group 5, Census Tract 61, Erie County, New York",428,314,114,0.26635514
1500000US360290062011,360290062011,"Block Group 1, Census Tract 62.01, Erie County, New York",0,0,0,#DIV/0!
1500000US360290063011,360290063011,"Block Group 1, Census Tract 63.01, Erie County, New York",517,517,0,0
1500000US360290063012,360290063012,"Block Group 2, Census Tract 63.01, Erie County, New York",471,440,31,0.06581741
1500000US360290063013,360290063013,"Block Group 3, Census Tract 63.01, Erie County, New York",395,383,12,0.030379747
1500000US360290063014,360290063014,"Block Group 4, Census Tract 63.01, Erie County, New York",671,598,73,0.108792846
1500000US360290063015,360290063015,"Block Group 5, Census Tract 63.01, Erie County, New York",322,264,58,0.180124224
1500000US360290063021,360290063021,"Block Group 1, Census Tract 63.02, Erie County, New York",535,419,116,0.21682243
1500000US360290063022,360290063022,"Block Group 2, Census Tract 63.02, Erie County, New York",475,467,8,0.016842105
1500000US360290063023,360290063023,"Block Group 3, Census Tract 63.02, Erie County, New York",284,267,17,0.059859155
1500000US360290065011,360290065011,"Block Group 1, Census Tract 65.01, Erie County, New York",455,416,39,0.085714286
1500000US360290065012,360290065012,"Block Group 2, Census Tract 65.01, Erie County, New York",443,362,81,0.182844244
1500000US360290065013,360290065013,"Block Group 3, Census Tract 65.01, Erie County, New York",358,282,76,0.212290503
1500000US360290065014,360290065014,"Block Group 4, Census Tract 65.01, Erie County, New York",265,236,29,0.109433962
1500000US360290066011,360290066011,"Block Group 1, Census Tract 66.01, Erie County, New York",250,200,50,0.2
1500000US360290066012,360290066012,"Block Group 2, Census Tract 66.01, Erie County, New York",731,607,124,0.169630643
1500000US360290066013,360290066013,"Block Group 3, Census Tract 66.01, Erie County, New York",375,302,73,0.194666667
1500000US360290066021,360290066021,"Block Group 1, Census Tract 66.02, Erie County, New York",479,399,80,0.167014614
1500000US360290066022,360290066022,"Block Group 2, Census Tract 66.02, Erie County, New York",386,331,55,0.142487047
1500000US360290066023,360290066023,"Block Group 3, Census Tract 66.02, Erie County, New York",624,526,98,0.157051282
1500000US360290067011,360290067011,"Block Group 1, Census Tract 67.01, Erie County, New York",962,819,143,0.148648649
1500000US360290067012,360290067012,"Block Group 2, Census Tract 67.01, Erie County, New York",424,391,33,0.077830189
1500000US360290067013,360290067013,"Block Group 3, Census Tract 67.01, Erie County, New York",839,661,178,0.21215733
1500000US360290067021,360290067021,"Block Group 1, Census Tract 67.02, Erie County, New York",624,624,0,0
1500000US360290067022,360290067022,"Block Group 2, Census Tract 67.02, Erie County, New York",1264,1128,136,0.107594937
1500000US360290067023,360290067023,"Block Group 3, Census Tract 67.02, Erie County, New York",528,447,81,0.153409091
1500000US360290068001,360290068001,"Block Group 1, Census Tract 68, Erie County, New York",512,512,0,0
1500000US360290068002,360290068002,"Block Group 2, Census Tract 68, Erie County, New York",582,356,226,0.388316151
1500000US360290068003,360290068003,"Block Group 3, Census Tract 68, Erie County, New York",543,487,56,0.103130755
1500000US360290068004,360290068004,"Block Group 4, Census Tract 68, Erie County, New York",744,575,169,0.227150538
1500000US360290069011,360290069011,"Block Group 1, Census Tract 69.01, Erie County, New York",347,217,130,0.374639769
1500000US360290069012,360290069012,"Block Group 2, Census Tract 69.01, Erie County, New York",348,336,12,0.034482759
1500000US360290069013,360290069013,"Block Group 3, Census Tract 69.01, Erie County, New York",644,445,199,0.309006211
1500000US360290069014,360290069014,"Block Group 4, Census Tract 69.01, Erie County, New York",326,231,95,0.291411043
1500000US360290069021,360290069021,"Block Group 1, Census Tract 69.02, Erie County, New York",742,684,58,0.078167116
1500000US360290069022,360290069022,"Block Group 2, Census Tract 69.02, Erie County, New York",535,462,73,0.136448598
1500000US360290069023,360290069023,"Block Group 3, Census Tract 69.02, Erie County, New York",389,369,20,0.051413882
1500000US360290069024,360290069024,"Block Group 4, Census Tract 69.02, Erie County, New York",511,409,102,0.199608611
1500000US360290070001,360290070001,"Block Group 1, Census Tract 70, Erie County, New York",540,460,80,0.148148148
1500000US360290070002,360290070002,"Block Group 2, Census Tract 70, Erie County, New York",470,361,109,0.231914894
1500000US360290070003,360290070003,"Block Group 3, Census Tract 70, Erie County, New York",406,318,88,0.216748768
1500000US360290071011,360290071011,"Block Group 1, Census Tract 71.01, Erie County, New York",357,254,103,0.288515406
1500000US360290071012,360290071012,"Block Group 2, Census Tract 71.01, Erie County, New York",559,512,47,0.084078712
1500000US360290071013,360290071013,"Block Group 3, Census Tract 71.01, Erie County, New York",624,597,27,0.043269231
1500000US360290071014,360290071014,"Block Group 4, Census Tract 71.01, Erie County, New York",353,298,55,0.155807365
1500000US360290071021,360290071021,"Block Group 1, Census Tract 71.02, Erie County, New York",667,609,58,0.086956522
1500000US360290071022,360290071022,"Block Group 2, Census Tract 71.02, Erie County, New York",467,406,61,0.130620985
1500000US360290071023,360290071023,"Block Group 3, Census Tract 71.02, Erie County, New York",328,246,82,0.25
1500000US360290072021,360290072021,"Block Group 1, Census Tract 72.02, Erie County, New York",1032,960,72,0.069767442
1500000US360290073021,360290073021,"Block Group 1, Census Tract 73.02, Erie County, New York",543,459,84,0.154696133
1500000US360290073022,360290073022,"Block Group 2, Census Tract 73.02, Erie County, New York",337,337,0,0
1500000US360290073023,360290073023,"Block Group 3, Census Tract 73.02, Erie County, New York",354,354,0,0
1500000US360290073024,360290073024,"Block Group 4, Census Tract 73.02, Erie County, New York",949,949,0,0
1500000US360290073025,360290073025,"Block Group 5, Census Tract 73.02, Erie County, New York",518,473,45,0.086872587
1500000US360290073026,360290073026,"Block Group 6, Census Tract 73.02, Erie County, New York",526,453,73,0.13878327
1500000US360290073031,360290073031,"Block Group 1, Census Tract 73.03, Erie County, New York",406,406,0,0
1500000US360290073032,360290073032,"Block Group 2, Census Tract 73.03, Erie County, New York",1071,942,129,0.120448179
1500000US360290073033,360290073033,"Block Group 3, Census Tract 73.03, Erie County, New York",1000,917,83,0.083
1500000US360290073034,360290073034,"Block Group 4, Census Tract 73.03, Erie County, New York",519,519,0,0
1500000US360290073041,360290073041,"Block Group 1, Census Tract 73.04, Erie County, New York",973,929,44,0.045220966
1500000US360290073042,360290073042,"Block Group 2, Census Tract 73.04, Erie County, New York",1124,1124,0,0
1500000US360290076001,360290076001,"Block Group 1, Census Tract 76, Erie County, New York",368,361,7,0.019021739
1500000US360290076002,360290076002,"Block Group 2, Census Tract 76, Erie County, New York",483,476,7,0.014492754
1500000US360290076003,360290076003,"Block Group 3, Census Tract 76, Erie County, New York",500,453,47,0.094
1500000US360290077001,360290077001,"Block Group 1, Census Tract 77, Erie County, New York",620,581,39,0.062903226
1500000US360290077002,360290077002,"Block Group 2, Census Tract 77, Erie County, New York",574,480,94,0.163763066
1500000US360290077003,360290077003,"Block Group 3, Census Tract 77, Erie County, New York",467,414,53,0.113490364
1500000US360290077004,360290077004,"Block Group 4, Census Tract 77, Erie County, New York",392,392,0,0
1500000US360290077005,360290077005,"Block Group 5, Census Tract 77, Erie County, New York",267,267,0,0
1500000US360290078001,360290078001,"Block Group 1, Census Tract 78, Erie County, New York",490,481,9,0.018367347
1500000US360290078002,360290078002,"Block Group 2, Census Tract 78, Erie County, New York",829,679,150,0.180940893
1500000US360290078003,360290078003,"Block Group 3, Census Tract 78, Erie County, New York",509,509,0,0
1500000US360290078004,360290078004,"Block Group 4, Census Tract 78, Erie County, New York",679,679,0,0
1500000US360290079011,360290079011,"Block Group 1, Census Tract 79.01, Erie County, New York",483,483,0,0
1500000US360290079012,360290079012,"Block Group 2, Census Tract 79.01, Erie County, New York",667,667,0,0
1500000US360290079013,360290079013,"Block Group 3, Census Tract 79.01, Erie County, New York",356,347,9,0.025280899
1500000US360290079021,360290079021,"Block Group 1, Census Tract 79.02, Erie County, New York",346,303,43,0.124277457
1500000US360290079022,360290079022,"Block Group 2, Census Tract 79.02, Erie County, New York",295,257,38,0.128813559
1500000US360290079023,360290079023,"Block Group 3, Census Tract 79.02, Erie County, New York",1061,1020,41,0.03864279
1500000US360290079024,360290079024,"Block Group 4, Census Tract 79.02, Erie County, New York",384,384,0,0
1500000US360290079025,360290079025,"Block Group 5, Census Tract 79.02, Erie County, New York",410,410,0,0
1500000US360290079026,360290079026,"Block Group 6, Census Tract 79.02, Erie County, New York",248,248,0,0
1500000US360290079031,360290079031,"Block Group 1, Census Tract 79.03, Erie County, New York",522,497,25,0.04789272
1500000US360290079032,360290079032,"Block Group 2, Census Tract 79.03, Erie County, New York",433,433,0,0
1500000US360290079033,360290079033,"Block Group 3, Census Tract 79.03, Erie County, New York",538,515,23,0.042750929
1500000US360290079041,360290079041,"Block Group 1, Census Tract 79.04, Erie County, New York",551,551,0,0
1500000US360290079042,360290079042,"Block Group 2, Census Tract 79.04, Erie County, New York",235,235,0,0
1500000US360290079043,360290079043,"Block Group 3, Census Tract 79.04, Erie County, New York",676,638,38,0.056213018
1500000US360290079051,360290079051,"Block Group 1, Census Tract 79.05, Erie County, New York",1119,965,154,0.137622878
1500000US360290079052,360290079052,"Block Group 2, Census Tract 79.05, Erie County, New York",364,364,0,0
1500000US360290079053,360290079053,"Block Group 3, Census Tract 79.05, Erie County, New York",693,676,17,0.024531025
1500000US360290080011,360290080011,"Block Group 1, Census Tract 80.01, Erie County, New York",361,326,35,0.096952909
1500000US360290080012,360290080012,"Block Group 2, Census Tract 80.01, Erie County, New York",540,540,0,0
1500000US360290080013,360290080013,"Block Group 3, Census Tract 80.01, Erie County, New York",435,435,0,0
1500000US360290080014,360290080014,"Block Group 4, Census Tract 80.01, Erie County, New York",225,190,35,0.155555556
1500000US360290080015,360290080015,"Block Group 5, Census Tract 80.01, Erie County, New York",383,383,0,0
1500000US360290080016,360290080016,"Block Group 6, Census Tract 80.01, Erie County, New York",411,380,31,0.075425791
1500000US360290080021,360290080021,"Block Group 1, Census Tract 80.02, Erie County, New York",472,472,0,0
1500000US360290080022,360290080022,"Block Group 2, Census Tract 80.02, Erie County, New York",270,270,0,0
1500000US360290080023,360290080023,"Block Group 3, Census Tract 80.02, Erie County, New York",765,748,17,0.022222222
1500000US360290080024,360290080024,"Block Group 4, Census Tract 80.02, Erie County, New York",473,473,0,0
1500000US360290080025,360290080025,"Block Group 5, Census Tract 80.02, Erie County, New York",332,315,17,0.051204819
1500000US360290080026,360290080026,"Block Group 6, Census Tract 80.02, Erie County, New York",264,264,0,0
1500000US360290080031,360290080031,"Block Group 1, Census Tract 80.03, Erie County, New York",443,384,59,0.133182844
1500000US360290080032,360290080032,"Block Group 2, Census Tract 80.03, Erie County, New York",380,360,20,0.052631579
1500000US360290080033,360290080033,"Block Group 3, Census Tract 80.03, Erie County, New York",371,352,19,0.051212938
1500000US360290080034,360290080034,"Block Group 4, Census Tract 80.03, Erie County, New York",610,610,0,0
1500000US360290080035,360290080035,"Block Group 5, Census Tract 80.03, Erie County, New York",477,477,0,0
1500000US360290081011,360290081011,"Block Group 1, Census Tract 81.01, Erie County, New York",698,632,66,0.094555874
1500000US360290081012,360290081012,"Block Group 2, Census Tract 81.01, Erie County, New York",598,550,48,0.080267559
1500000US360290081013,360290081013,"Block Group 3, Census Tract 81.01, Erie County, New York",397,397,0,0
1500000US360290081014,360290081014,"Block Group 4, Census Tract 81.01, Erie County, New York",485,485,0,0
1500000US360290081015,360290081015,"Block Group 5, Census Tract 81.01, Erie County, New York",775,698,77,0.099354839
1500000US360290081021,360290081021,"Block Group 1, Census Tract 81.02, Erie County, New York",448,448,0,0
1500000US360290081022,360290081022,"Block Group 2, Census Tract 81.02, Erie County, New York",564,564,0,0
1500000US360290081023,360290081023,"Block Group 3, Census Tract 81.02, Erie County, New York",325,289,36,0.110769231
1500000US360290081024,360290081024,"Block Group 4, Census Tract 81.02, Erie County, New York",367,367,0,0
1500000US360290081025,360290081025,"Block Group 5, Census Tract 81.02, Erie County, New York",312,288,24,0.076923077
1500000US360290082011,360290082011,"Block Group 1, Census Tract 82.01, Erie County, New York",373,355,18,0.048257373
1500000US360290082012,360290082012,"Block Group 2, Census Tract 82.01, Erie County, New York",403,394,9,0.022332506
1500000US360290082013,360290082013,"Block Group 3, Census Tract 82.01, Erie County, New York",390,390,0,0
1500000US360290082021,360290082021,"Block Group 1, Census Tract 82.02, Erie County, New York",507,449,58,0.114398422
1500000US360290082022,360290082022,"Block Group 2, Census Tract 82.02, Erie County, New York",412,350,62,0.150485437
1500000US360290082023,360290082023,"Block Group 3, Census Tract 82.02, Erie County, New York",329,255,74,0.224924012
1500000US360290082024,360290082024,"Block Group 4, Census Tract 82.02, Erie County, New York",297,297,0,0
1500000US360290082025,360290082025,"Block Group 5, Census Tract 82.02, Erie County, New York",457,382,75,0.164113786
1500000US360290083001,360290083001,"Block Group 1, Census Tract 83, Erie County, New York",690,637,53,0.076811594
1500000US360290083002,360290083002,"Block Group 2, Census Tract 83, Erie County, New York",261,261,0,0
1500000US360290083003,360290083003,"Block Group 3, Census Tract 83, Erie County, New York",262,240,22,0.083969466
1500000US360290084001,360290084001,"Block Group 1, Census Tract 84, Erie County, New York",241,192,49,0.203319502
1500000US360290084002,360290084002,"Block Group 2, Census Tract 84, Erie County, New York",493,447,46,0.093306288
1500000US360290084003,360290084003,"Block Group 3, Census Tract 84, Erie County, New York",421,352,69,0.163895487
1500000US360290085001,360290085001,"Block Group 1, Census Tract 85, Erie County, New York",628,590,38,0.060509554
1500000US360290085002,360290085002,"Block Group 2, Census Tract 85, Erie County, New York",582,566,16,0.027491409
1500000US360290086001,360290086001,"Block Group 1, Census Tract 86, Erie County, New York",376,334,42,0.111702128
1500000US360290086002,360290086002,"Block Group 2, Census Tract 86, Erie County, New York",306,306,0,0
1500000US360290086003,360290086003,"Block Group 3, Census Tract 86, Erie County, New York",393,393,0,0
1500000US360290086004,360290086004,"Block Group 4, Census Tract 86, Erie County, New York",262,262,0,0
1500000US360290086005,360290086005,"Block Group 5, Census Tract 86, Erie County, New York",527,527,0,0
1500000US360290086006,360290086006,"Block Group 6, Census Tract 86, Erie County, New York",366,366,0,0
1500000US360290087001,360290087001,"Block Group 1, Census Tract 87, Erie County, New York",348,306,42,0.120689655
1500000US360290087002,360290087002,"Block Group 2, Census Tract 87, Erie County, New York",398,398,0,0
1500000US360290087003,360290087003,"Block Group 3, Census Tract 87, Erie County, New York",573,535,38,0.066317627
1500000US360290087004,360290087004,"Block Group 4, Census Tract 87, Erie County, New York",348,300,48,0.137931034
1500000US360290087005,360290087005,"Block Group 5, Census Tract 87, Erie County, New York",567,533,34,0.059964727
1500000US360290088001,360290088001,"Block Group 1, Census Tract 88, Erie County, New York",338,338,0,0
1500000US360290088002,360290088002,"Block Group 2, Census Tract 88, Erie County, New York",586,561,25,0.042662116
1500000US360290088003,360290088003,"Block Group 3, Census Tract 88, Erie County, New York",744,717,27,0.036290323
1500000US360290089001,360290089001,"Block Group 1, Census Tract 89, Erie County, New York",507,444,63,0.124260355
1500000US360290089002,360290089002,"Block Group 2, Census Tract 89, Erie County, New York",263,254,9,0.034220532
1500000US360290089003,360290089003,"Block Group 3, Census Tract 89, Erie County, New York",371,371,0,0
1500000US360290089004,360290089004,"Block Group 4, Census Tract 89, Erie County, New York",347,342,5,0.014409222
1500000US360290089005,360290089005,"Block Group 5, Census Tract 89, Erie County, New York",583,574,9,0.015437393
1500000US360290090041,360290090041,"Block Group 1, Census Tract 90.04, Erie County, New York",850,823,27,0.031764706
1500000US360290090042,360290090042,"Block Group 2, Census Tract 90.04, Erie County, New York",711,664,47,0.066104079
1500000US360290090061,360290090061,"Block Group 1, Census Tract 90.06, Erie County, New York",608,608,0,0
1500000US360290090062,360290090062,"Block Group 2, Census Tract 90.06, Erie County, New York",744,692,52,0.069892473
1500000US360290090063,360290090063,"Block Group 3, Census Tract 90.06, Erie County, New York",540,508,32,0.059259259
1500000US360290090064,360290090064,"Block Group 4, Census Tract 90.06, Erie County, New York",679,635,44,0.064801178
1500000US360290090065,360290090065,"Block Group 5, Census Tract 90.06, Erie County, New York",569,569,0,0
1500000US360290090071,360290090071,"Block Group 1, Census Tract 90.07, Erie County, New York",587,587,0,0
1500000US360290090072,360290090072,"Block Group 2, Census Tract 90.07, Erie County, New York",502,459,43,0.085657371
1500000US360290090073,360290090073,"Block Group 3, Census Tract 90.07, Erie County, New York",967,940,27,0.027921406
1500000US360290090074,360290090074,"Block Group 4, Census Tract 90.07, Erie County, New York",703,657,46,0.065433855
1500000US360290090081,360290090081,"Block Group 1, Census Tract 90.08, Erie County, New York",755,704,51,0.067549669
1500000US360290090082,360290090082,"Block Group 2, Census Tract 90.08, Erie County, New York",585,514,71,0.121367521
1500000US360290090083,360290090083,"Block Group 3, Census Tract 90.08, Erie County, New York",1241,1131,110,0.088638195
1500000US360290090091,360290090091,"Block Group 1, Census Tract 90.09, Erie County, New York",540,540,0,0
1500000US360290090092,360290090092,"Block Group 2, Census Tract 90.09, Erie County, New York",1584,1584,0,0
1500000US360290090101,360290090101,"Block Group 1, Census Tract 90.10, Erie County, New York",1024,1024,0,0
1500000US360290090102,360290090102,"Block Group 2, Census Tract 90.10, Erie County, New York",1056,1056,0,0
1500000US360290091041,360290091041,"Block Group 1, Census Tract 91.04, Erie County, New York",568,568,0,0
1500000US360290091042,360290091042,"Block Group 2, Census Tract 91.04, Erie County, New York",493,493,0,0
1500000US360290091043,360290091043,"Block Group 3, Census Tract 91.04, Erie County, New York",662,654,8,0.012084592
1500000US360290091061,360290091061,"Block Group 1, Census Tract 91.06, Erie County, New York",379,356,23,0.060686016
1500000US360290091062,360290091062,"Block Group 2, Census Tract 91.06, Erie County, New York",861,832,29,0.033681765
1500000US360290091071,360290091071,"Block Group 1, Census Tract 91.07, Erie County, New York",524,454,70,0.133587786
1500000US360290091072,360290091072,"Block Group 2, Census Tract 91.07, Erie County, New York",480,462,18,0.0375
1500000US360290091073,360290091073,"Block Group 3, Census Tract 91.07, Erie County, New York",884,884,0,0
1500000US360290091074,360290091074,"Block Group 4, Census Tract 91.07, Erie County, New York",259,259,0,0
1500000US360290091091,360290091091,"Block Group 1, Census Tract 91.09, Erie County, New York",569,500,69,0.121265378
1500000US360290091092,360290091092,"Block Group 2, Census Tract 91.09, Erie County, New York",769,743,26,0.033810143
1500000US360290091101,360290091101,"Block Group 1, Census Tract 91.10, Erie County, New York",7,2,5,0.714285714
1500000US360290091121,360290091121,"Block Group 1, Census Tract 91.12, Erie County, New York",1654,1556,98,0.059250302
1500000US360290091131,360290091131,"Block Group 1, Census Tract 91.13, Erie County, New York",624,624,0,0
1500000US360290091132,360290091132,"Block Group 2, Census Tract 91.13, Erie County, New York",1111,1111,0,0
1500000US360290091133,360290091133,"Block Group 3, Census Tract 91.13, Erie County, New York",870,828,42,0.048275862
1500000US360290091141,360290091141,"Block Group 1, Census Tract 91.14, Erie County, New York",537,520,17,0.031657356
1500000US360290091142,360290091142,"Block Group 2, Census Tract 91.14, Erie County, New York",696,629,67,0.096264368
1500000US360290091143,360290091143,"Block Group 3, Census Tract 91.14, Erie County, New York",558,536,22,0.039426523
1500000US360290091151,360290091151,"Block Group 1, Census Tract 91.15, Erie County, New York",1143,1077,66,0.057742782
1500000US360290091152,360290091152,"Block Group 2, Census Tract 91.15, Erie County, New York",727,690,37,0.050894085
1500000US360290091161,360290091161,"Block Group 1, Census Tract 91.16, Erie County, New York",491,491,0,0
1500000US360290091162,360290091162,"Block Group 2, Census Tract 91.16, Erie County, New York",353,312,41,0.116147309
1500000US360290091163,360290091163,"Block Group 3, Census Tract 91.16, Erie County, New York",490,451,39,0.079591837
1500000US360290091164,360290091164,"Block Group 4, Census Tract 91.16, Erie County, New York",949,911,38,0.04004215
1500000US360290092001,360290092001,"Block Group 1, Census Tract 92, Erie County, New York",614,553,61,0.099348534
1500000US360290092002,360290092002,"Block Group 2, Census Tract 92, Erie County, New York",398,398,0,0
1500000US360290092003,360290092003,"Block Group 3, Census Tract 92, Erie County, New York",662,554,108,0.163141994
1500000US360290092004,360290092004,"Block Group 4, Census Tract 92, Erie County, New York",474,474,0,0
1500000US360290093011,360290093011,"Block Group 1, Census Tract 93.01, Erie County, New York",480,480,0,0
1500000US360290093012,360290093012,"Block Group 2, Census Tract 93.01, Erie County, New York",348,335,13,0.037356322
1500000US360290093013,360290093013,"Block Group 3, Census Tract 93.01, Erie County, New York",779,707,72,0.092426187
1500000US360290093014,360290093014,"Block Group 4, Census Tract 93.01, Erie County, New York",291,291,0,0
1500000US360290093015,360290093015,"Block Group 5, Census Tract 93.01, Erie County, New York",607,567,40,0.065897858
1500000US360290093021,360290093021,"Block Group 1, Census Tract 93.02, Erie County, New York",447,437,10,0.022371365
1500000US360290093022,360290093022,"Block Group 2, Census Tract 93.02, Erie County, New York",506,494,12,0.023715415
1500000US360290093023,360290093023,"Block Group 3, Census Tract 93.02, Erie County, New York",227,227,0,0
1500000US360290094011,360290094011,"Block Group 1, Census Tract 94.01, Erie County, New York",665,665,0,0
1500000US360290094012,360290094012,"Block Group 2, Census Tract 94.01, Erie County, New York",559,559,0,0
1500000US360290094013,360290094013,"Block Group 3, Census Tract 94.01, Erie County, New York",425,387,38,0.089411765
1500000US360290094014,360290094014,"Block Group 4, Census Tract 94.01, Erie County, New York",367,367,0,0
1500000US360290094015,360290094015,"Block Group 5, Census Tract 94.01, Erie County, New York",297,297,0,0
1500000US360290094021,360290094021,"Block Group 1, Census Tract 94.02, Erie County, New York",379,359,20,0.052770449
1500000US360290094022,360290094022,"Block Group 2, Census Tract 94.02, Erie County, New York",557,550,7,0.012567325
1500000US360290094023,360290094023,"Block Group 3, Census Tract 94.02, Erie County, New York",523,500,23,0.043977055
1500000US360290094024,360290094024,"Block Group 4, Census Tract 94.02, Erie County, New York",465,457,8,0.017204301
1500000US360290095011,360290095011,"Block Group 1, Census Tract 95.01, Erie County, New York",171,171,0,0
1500000US360290095012,360290095012,"Block Group 2, Census Tract 95.01, Erie County, New York",963,935,28,0.029075805
1500000US360290095013,360290095013,"Block Group 3, Census Tract 95.01, Erie County, New York",759,759,0,0
1500000US360290095014,360290095014,"Block Group 4, Census Tract 95.01, Erie County, New York",306,306,0,0
1500000US360290095021,360290095021,"Block Group 1, Census Tract 95.02, Erie County, New York",512,512,0,0
1500000US360290095022,360290095022,"Block Group 2, Census Tract 95.02, Erie County, New York",854,737,117,0.137002342
1500000US360290095023,360290095023,"Block Group 3, Census Tract 95.02, Erie County, New York",636,603,33,0.051886792
1500000US360290095024,360290095024,"Block Group 4, Census Tract 95.02, Erie County, New York",339,339,0,0
1500000US360290095025,360290095025,"Block Group 5, Census Tract 95.02, Erie County, New York",687,637,50,0.072780204
1500000US360290096001,360290096001,"Block Group 1, Census Tract 96, Erie County, New York",722,722,0,0
1500000US360290096002,360290096002,"Block Group 2, Census Tract 96, Erie County, New York",1432,1380,52,0.036312849
1500000US360290096003,360290096003,"Block Group 3, Census Tract 96, Erie County, New York",1219,1176,43,0.035274815
1500000US360290097011,360290097011,"Block Group 1, Census Tract 97.01, Erie County, New York",783,654,129,0.164750958
1500000US360290097012,360290097012,"Block Group 2, Census Tract 97.01, Erie County, New York",627,619,8,0.012759171
1500000US360290097021,360290097021,"Block Group 1, Census Tract 97.02, Erie County, New York",602,602,0,0
1500000US360290097022,360290097022,"Block Group 2, Census Tract 97.02, Erie County, New York",465,443,22,0.047311828
1500000US360290097023,360290097023,"Block Group 3, Census Tract 97.02, Erie County, New York",438,438,0,0
1500000US360290097024,360290097024,"Block Group 4, Census Tract 97.02, Erie County, New York",457,457,0,0
1500000US360290098001,360290098001,"Block Group 1, Census Tract 98, Erie County, New York",513,466,47,0.091617934
1500000US360290098002,360290098002,"Block Group 2, Census Tract 98, Erie County, New York",268,253,15,0.055970149
1500000US360290099001,360290099001,"Block Group 1, Census Tract 99, Erie County, New York",686,642,44,0.064139942
1500000US360290099002,360290099002,"Block Group 2, Census Tract 99, Erie County, New York",421,368,53,0.125890736
1500000US360290099003,360290099003,"Block Group 3, Census Tract 99, Erie County, New York",758,673,85,0.112137203
1500000US360290100011,360290100011,"Block Group 1, Census Tract 100.01, Erie County, New York",825,793,32,0.038787879
1500000US360290100012,360290100012,"Block Group 2, Census Tract 100.01, Erie County, New York",505,505,0,0
1500000US360290100021,360290100021,"Block Group 1, Census Tract 100.02, Erie County, New York",974,900,74,0.075975359
1500000US360290100022,360290100022,"Block Group 2, Census Tract 100.02, Erie County, New York",722,660,62,0.085872576
1500000US360290100023,360290100023,"Block Group 3, Census Tract 100.02, Erie County, New York",516,516,0,0
1500000US360290100031,360290100031,"Block Group 1, Census Tract 100.03, Erie County, New York",858,793,65,0.075757576
1500000US360290100032,360290100032,"Block Group 2, Census Tract 100.03, Erie County, New York",547,537,10,0.018281536
1500000US360290100033,360290100033,"Block Group 3, Census Tract 100.03, Erie County, New York",337,337,0,0
1500000US360290101011,360290101011,"Block Group 1, Census Tract 101.01, Erie County, New York",380,380,0,0
1500000US360290101012,360290101012,"Block Group 2, Census Tract 101.01, Erie County, New York",685,617,68,0.099270073
1500000US360290101013,360290101013,"Block Group 3, Census Tract 101.01, Erie County, New York",553,453,100,0.180831826
1500000US360290101014,360290101014,"Block Group 4, Census Tract 101.01, Erie County, New York",487,487,0,0
1500000US360290101021,360290101021,"Block Group 1, Census Tract 101.02, Erie County, New York",727,661,66,0.090784044
1500000US360290101022,360290101022,"Block Group 2, Census Tract 101.02, Erie County, New York",345,282,63,0.182608696
1500000US360290101023,360290101023,"Block Group 3, Census Tract 101.02, Erie County, New York",884,787,97,0.109728507
1500000US360290101031,360290101031,"Block Group 1, Census Tract 101.03, Erie County, New York",826,826,0,0
1500000US360290101032,360290101032,"Block Group 2, Census Tract 101.03, Erie County, New York",577,491,86,0.149046794
1500000US360290101033,360290101033,"Block Group 3, Census Tract 101.03, Erie County, New York",433,409,24,0.055427252
1500000US360290102011,360290102011,"Block Group 1, Census Tract 102.01, Erie County, New York",352,308,44,0.125
1500000US360290102012,360290102012,"Block Group 2, Census Tract 102.01, Erie County, New York",692,673,19,0.027456647
1500000US360290102013,360290102013,"Block Group 3, Census Tract 102.01, Erie County, New York",270,270,0,0
1500000US360290102021,360290102021,"Block Group 1, Census Tract 102.02, Erie County, New York",856,770,86,0.10046729
1500000US360290102022,360290102022,"Block Group 2, Census Tract 102.02, Erie County, New York",155,110,45,0.290322581
1500000US360290102023,360290102023,"Block Group 3, Census Tract 102.02, Erie County, New York",496,372,124,0.25
1500000US360290103001,360290103001,"Block Group 1, Census Tract 103, Erie County, New York",310,262,48,0.15483871
1500000US360290103002,360290103002,"Block Group 2, Census Tract 103, Erie County, New York",294,266,28,0.095238095
1500000US360290104001,360290104001,"Block Group 1, Census Tract 104, Erie County, New York",728,612,116,0.159340659
1500000US360290104002,360290104002,"Block Group 2, Census Tract 104, Erie County, New York",362,329,33,0.091160221
1500000US360290105001,360290105001,"Block Group 1, Census Tract 105, Erie County, New York",324,299,25,0.077160494
1500000US360290105002,360290105002,"Block Group 2, Census Tract 105, Erie County, New York",360,360,0,0
1500000US360290105003,360290105003,"Block Group 3, Census Tract 105, Erie County, New York",439,332,107,0.243735763
1500000US360290106001,360290106001,"Block Group 1, Census Tract 106, Erie County, New York",442,429,13,0.029411765
1500000US360290106002,360290106002,"Block Group 2, Census Tract 106, Erie County, New York",789,671,118,0.149556401
1500000US360290107001,360290107001,"Block Group 1, Census Tract 107, Erie County, New York",653,556,97,0.148545176
1500000US360290107002,360290107002,"Block Group 2, Census Tract 107, Erie County, New York",292,292,0,0
1500000US360290107003,360290107003,"Block Group 3, Census Tract 107, Erie County, New York",336,262,74,0.220238095
1500000US360290108031,360290108031,"Block Group 1, Census Tract 108.03, Erie County, New York",561,551,10,0.017825312
1500000US360290108032,360290108032,"Block Group 2, Census Tract 108.03, Erie County, New York",325,295,30,0.092307692
1500000US360290108041,360290108041,"Block Group 1, Census Tract 108.04, Erie County, New York",752,700,52,0.069148936
1500000US360290108042,360290108042,"Block Group 2, Census Tract 108.04, Erie County, New York",1159,1132,27,0.023295945
1500000US360290108051,360290108051,"Block Group 1, Census Tract 108.05, Erie County, New York",877,877,0,0
1500000US360290108052,360290108052,"Block Group 2, Census Tract 108.05, Erie County, New York",533,533,0,0
1500000US360290108053,360290108053,"Block Group 3, Census Tract 108.05, Erie County, New York",731,688,43,0.058823529
1500000US360290108071,360290108071,"Block Group 1, Census Tract 108.07, Erie County, New York",1079,1050,29,0.026876738
1500000US360290108072,360290108072,"Block Group 2, Census Tract 108.07, Erie County, New York",293,293,0,0
1500000US360290108073,360290108073,"Block Group 3, Census Tract 108.07, Erie County, New York",503,477,26,0.051689861
1500000US360290108074,360290108074,"Block Group 4, Census Tract 108.07, Erie County, New York",636,636,0,0
1500000US360290108081,360290108081,"Block Group 1, Census Tract 108.08, Erie County, New York",643,621,22,0.034214619
1500000US360290108082,360290108082,"Block Group 2, Census Tract 108.08, Erie County, New York",1014,964,50,0.049309665
1500000US360290108083,360290108083,"Block Group 3, Census Tract 108.08, Erie County, New York",96,96,0,0
1500000US360290108084,360290108084,"Block Group 4, Census Tract 108.08, Erie County, New York",170,151,19,0.111764706
1500000US360290108091,360290108091,"Block Group 1, Census Tract 108.09, Erie County, New York",531,531,0,0
1500000US360290108092,360290108092,"Block Group 2, Census Tract 108.09, Erie County, New York",819,796,23,0.028083028
1500000US360290109011,360290109011,"Block Group 1, Census Tract 109.01, Erie County, New York",348,276,72,0.206896552
1500000US360290109012,360290109012,"Block Group 2, Census Tract 109.01, Erie County, New York",471,471,0,0
1500000US360290109013,360290109013,"Block Group 3, Census Tract 109.01, Erie County, New York",355,355,0,0
1500000US360290109021,360290109021,"Block Group 1, Census Tract 109.02, Erie County, New York",635,635,0,0
1500000US360290109022,360290109022,"Block Group 2, Census Tract 109.02, Erie County, New York",731,731,0,0
1500000US360290109023,360290109023,"Block Group 3, Census Tract 109.02, Erie County, New York",615,615,0,0
1500000US360290109024,360290109024,"Block Group 4, Census Tract 109.02, Erie County, New York",524,470,54,0.103053435
1500000US360290110001,360290110001,"Block Group 1, Census Tract 110, Erie County, New York",275,251,24,0.087272727
1500000US360290110002,360290110002,"Block Group 2, Census Tract 110, Erie County, New York",310,266,44,0.141935484
1500000US360290110003,360290110003,"Block Group 3, Census Tract 110, Erie County, New York",303,274,29,0.095709571
1500000US360290111001,360290111001,"Block Group 1, Census Tract 111, Erie County, New York",711,669,42,0.05907173
1500000US360290111002,360290111002,"Block Group 2, Census Tract 111, Erie County, New York",310,286,24,0.077419355
1500000US360290112001,360290112001,"Block Group 1, Census Tract 112, Erie County, New York",1652,1603,49,0.029661017
1500000US360290112002,360290112002,"Block Group 2, Census Tract 112, Erie County, New York",404,330,74,0.183168317
1500000US360290112003,360290112003,"Block Group 3, Census Tract 112, Erie County, New York",473,436,37,0.078224101
1500000US360290112004,360290112004,"Block Group 4, Census Tract 112, Erie County, New York",679,643,36,0.053019146
1500000US360290113001,360290113001,"Block Group 1, Census Tract 113, Erie County, New York",1157,1096,61,0.052722558
1500000US360290113002,360290113002,"Block Group 2, Census Tract 113, Erie County, New York",322,322,0,0
1500000US360290113003,360290113003,"Block Group 3, Census Tract 113, Erie County, New York",931,868,63,0.067669173
1500000US360290114001,360290114001,"Block Group 1, Census Tract 114, Erie County, New York",384,365,19,0.049479167
1500000US360290114002,360290114002,"Block Group 2, Census Tract 114, Erie County, New York",669,513,156,0.233183857
1500000US360290115001,360290115001,"Block Group 1, Census Tract 115, Erie County, New York",383,366,17,0.044386423
1500000US360290115002,360290115002,"Block Group 2, Census Tract 115, Erie County, New York",303,278,25,0.082508251
1500000US360290116001,360290116001,"Block Group 1, Census Tract 116, Erie County, New York",788,747,41,0.052030457
1500000US360290116002,360290116002,"Block Group 2, Census Tract 116, Erie County, New York",305,305,0,0
1500000US360290117001,360290117001,"Block Group 1, Census Tract 117, Erie County, New York",326,326,0,0
1500000US360290117002,360290117002,"Block Group 2, Census Tract 117, Erie County, New York",524,507,17,0.032442748
1500000US360290117003,360290117003,"Block Group 3, Census Tract 117, Erie County, New York",1140,1038,102,0.089473684
1500000US360290118001,360290118001,"Block Group 1, Census Tract 118, Erie County, New York",565,565,0,0
1500000US360290118002,360290118002,"Block Group 2, Census Tract 118, Erie County, New York",358,331,27,0.075418994
1500000US360290118003,360290118003,"Block Group 3, Census Tract 118, Erie County, New York",790,696,94,0.118987342
1500000US360290120011,360290120011,"Block Group 1, Census Tract 120.01, Erie County, New York",753,706,47,0.062416999
1500000US360290120012,360290120012,"Block Group 2, Census Tract 120.01, Erie County, New York",813,789,24,0.029520295
1500000US360290120013,360290120013,"Block Group 3, Census Tract 120.01, Erie County, New York",274,274,0,0
1500000US360290120021,360290120021,"Block Group 1, Census Tract 120.02, Erie County, New York",420,368,52,0.123809524
1500000US360290120022,360290120022,"Block Group 2, Census Tract 120.02, Erie County, New York",1013,1005,8,0.007897335
1500000US360290120031,360290120031,"Block Group 1, Census Tract 120.03, Erie County, New York",871,846,25,0.028702641
1500000US360290120032,360290120032,"Block Group 2, Census Tract 120.03, Erie County, New York",1218,1183,35,0.028735632
1500000US360290123001,360290123001,"Block Group 1, Census Tract 123, Erie County, New York",220,173,47,0.213636364
1500000US360290123002,360290123002,"Block Group 2, Census Tract 123, Erie County, New York",460,391,69,0.15
1500000US360290123003,360290123003,"Block Group 3, Census Tract 123, Erie County, New York",431,307,124,0.287703016
1500000US360290123004,360290123004,"Block Group 4, Census Tract 123, Erie County, New York",605,456,149,0.246280992
1500000US360290124001,360290124001,"Block Group 1, Census Tract 124, Erie County, New York",250,228,22,0.088
1500000US360290124002,360290124002,"Block Group 2, Census Tract 124, Erie County, New York",1007,836,171,0.169811321
1500000US360290125011,360290125011,"Block Group 1, Census Tract 125.01, Erie County, New York",478,433,45,0.094142259
1500000US360290125012,360290125012,"Block Group 2, Census Tract 125.01, Erie County, New York",280,280,0,0
1500000US360290125013,360290125013,"Block Group 3, Census Tract 125.01, Erie County, New York",840,701,139,0.16547619
1500000US360290125014,360290125014,"Block Group 4, Census Tract 125.01, Erie County, New York",423,378,45,0.106382979
1500000US360290125015,360290125015,"Block Group 5, Census Tract 125.01, Erie County, New York",367,367,0,0
1500000US360290125021,360290125021,"Block Group 1, Census Tract 125.02, Erie County, New York",445,427,18,0.040449438
1500000US360290125022,360290125022,"Block Group 2, Census Tract 125.02, Erie County, New York",427,413,14,0.032786885
1500000US360290128001,360290128001,"Block Group 1, Census Tract 128, Erie County, New York",445,405,40,0.08988764
1500000US360290128002,360290128002,"Block Group 2, Census Tract 128, Erie County, New York",424,380,44,0.103773585
1500000US360290128003,360290128003,"Block Group 3, Census Tract 128, Erie County, New York",338,322,16,0.047337278
1500000US360290129011,360290129011,"Block Group 1, Census Tract 129.01, Erie County, New York",295,295,0,0
1500000US360290129012,360290129012,"Block Group 2, Census Tract 129.01, Erie County, New York",452,408,44,0.097345133
1500000US360290129013,360290129013,"Block Group 3, Census Tract 129.01, Erie County, New York",1186,1137,49,0.041315346
1500000US360290129014,360290129014,"Block Group 4, Census Tract 129.01, Erie County, New York",530,477,53,0.1
1500000US360290129015,360290129015,"Block Group 5, Census Tract 129.01, Erie County, New York",742,742,0,0
1500000US360290129021,360290129021,"Block Group 1, Census Tract 129.02, Erie County, New York",596,586,10,0.016778523
1500000US360290129022,360290129022,"Block Group 2, Census Tract 129.02, Erie County, New York",1130,1040,90,0.079646018
1500000US360290130011,360290130011,"Block Group 1, Census Tract 130.01, Erie County, New York",470,470,0,0
1500000US360290130012,360290130012,"Block Group 2, Census Tract 130.01, Erie County, New York",345,345,0,0
1500000US360290130013,360290130013,"Block Group 3, Census Tract 130.01, Erie County, New York",334,314,20,0.05988024
1500000US360290130014,360290130014,"Block Group 4, Census Tract 130.01, Erie County, New York",301,283,18,0.059800664
1500000US360290130021,360290130021,"Block Group 1, Census Tract 130.02, Erie County, New York",1286,1286,0,0
1500000US360290130022,360290130022,"Block Group 2, Census Tract 130.02, Erie County, New York",454,454,0,0
1500000US360290130023,360290130023,"Block Group 3, Census Tract 130.02, Erie County, New York",670,653,17,0.025373134
1500000US360290131011,360290131011,"Block Group 1, Census Tract 131.01, Erie County, New York",824,754,70,0.084951456
1500000US360290131012,360290131012,"Block Group 2, Census Tract 131.01, Erie County, New York",1211,1153,58,0.047894302
1500000US360290131013,360290131013,"Block Group 3, Census Tract 131.01, Erie County, New York",290,290,0,0
1500000US360290131014,360290131014,"Block Group 4, Census Tract 131.01, Erie County, New York",307,307,0,0
1500000US360290131015,360290131015,"Block Group 5, Census Tract 131.01, Erie County, New York",243,230,13,0.053497942
1500000US360290131021,360290131021,"Block Group 1, Census Tract 131.02, Erie County, New York",367,355,12,0.032697548
1500000US360290131022,360290131022,"Block Group 2, Census Tract 131.02, Erie County, New York",952,874,78,0.081932773
1500000US360290131023,360290131023,"Block Group 3, Census Tract 131.02, Erie County, New York",393,327,66,0.167938931
1500000US360290131024,360290131024,"Block Group 4, Census Tract 131.02, Erie County, New York",516,516,0,0
1500000US360290131025,360290131025,"Block Group 5, Census Tract 131.02, Erie County, New York",901,828,73,0.081021088
1500000US360290132011,360290132011,"Block Group 1, Census Tract 132.01, Erie County, New York",1039,1039,0,0
1500000US360290132012,360290132012,"Block Group 2, Census Tract 132.01, Erie County, New York",950,950,0,0
1500000US360290132013,360290132013,"Block Group 3, Census Tract 132.01, Erie County, New York",482,449,33,0.06846473
1500000US360290132021,360290132021,"Block Group 1, Census Tract 132.02, Erie County, New York",681,660,21,0.030837004
1500000US360290132022,360290132022,"Block Group 2, Census Tract 132.02, Erie County, New York",1334,1274,60,0.044977511
1500000US360290133001,360290133001,"Block Group 1, Census Tract 133, Erie County, New York",572,551,21,0.036713287
1500000US360290133002,360290133002,"Block Group 2, Census Tract 133, Erie County, New York",290,290,0,0
1500000US360290133003,360290133003,"Block Group 3, Census Tract 133, Erie County, New York",258,258,0,0
1500000US360290133004,360290133004,"Block Group 4, Census Tract 133, Erie County, New York",430,430,0,0
1500000US360290134001,360290134001,"Block Group 1, Census Tract 134, Erie County, New York",326,326,0,0
1500000US360290134002,360290134002,"Block Group 2, Census Tract 134, Erie County, New York",387,373,14,0.036175711
1500000US360290134003,360290134003,"Block Group 3, Census Tract 134, Erie County, New York",475,475,0,0
1500000US360290134004,360290134004,"Block Group 4, Census Tract 134, Erie County, New York",452,432,20,0.044247788
1500000US360290134005,360290134005,"Block Group 5, Census Tract 134, Erie County, New York",1157,1157,0,0
1500000US360290135011,360290135011,"Block Group 1, Census Tract 135.01, Erie County, New York",1116,1074,42,0.037634409
1500000US360290135012,360290135012,"Block Group 2, Census Tract 135.01, Erie County, New York",565,518,47,0.083185841
1500000US360290135013,360290135013,"Block Group 3, Census Tract 135.01, Erie County, New York",1242,1165,77,0.061996779
1500000US360290135021,360290135021,"Block Group 1, Census Tract 135.02, Erie County, New York",792,792,0,0
1500000US360290135022,360290135022,"Block Group 2, Census Tract 135.02, Erie County, New York",582,572,10,0.017182131
1500000US360290135023,360290135023,"Block Group 3, Census Tract 135.02, Erie County, New York",700,685,15,0.021428571
1500000US360290135024,360290135024,"Block Group 4, Census Tract 135.02, Erie County, New York",374,374,0,0
1500000US360290136001,360290136001,"Block Group 1, Census Tract 136, Erie County, New York",540,508,32,0.059259259
1500000US360290136002,360290136002,"Block Group 2, Census Tract 136, Erie County, New York",493,440,53,0.107505071
1500000US360290136003,360290136003,"Block Group 3, Census Tract 136, Erie County, New York",359,359,0,0
1500000US360290137011,360290137011,"Block Group 1, Census Tract 137.01, Erie County, New York",544,529,15,0.027573529
1500000US360290137012,360290137012,"Block Group 2, Census Tract 137.01, Erie County, New York",955,881,74,0.077486911
1500000US360290137013,360290137013,"Block Group 3, Census Tract 137.01, Erie County, New York",498,498,0,0
1500000US360290137014,360290137014,"Block Group 4, Census Tract 137.01, Erie County, New York",876,817,59,0.067351598
1500000US360290137021,360290137021,"Block Group 1, Census Tract 137.02, Erie County, New York",1109,1093,16,0.014427412
1500000US360290137022,360290137022,"Block Group 2, Census Tract 137.02, Erie County, New York",1429,1151,278,0.194541638
1500000US360290138001,360290138001,"Block Group 1, Census Tract 138, Erie County, New York",1028,976,52,0.050583658
1500000US360290138002,360290138002,"Block Group 2, Census Tract 138, Erie County, New York",253,253,0,0
1500000US360290138003,360290138003,"Block Group 3, Census Tract 138, Erie County, New York",1240,1203,37,0.02983871
1500000US360290138004,360290138004,"Block Group 4, Census Tract 138, Erie County, New York",311,266,45,0.144694534
1500000US360290138005,360290138005,"Block Group 5, Census Tract 138, Erie County, New York",316,316,0,0
1500000US360290139001,360290139001,"Block Group 1, Census Tract 139, Erie County, New York",1015,922,93,0.091625616
1500000US360290140001,360290140001,"Block Group 1, Census Tract 140, Erie County, New York",690,591,99,0.143478261
1500000US360290140002,360290140002,"Block Group 2, Census Tract 140, Erie County, New York",970,916,54,0.055670103
1500000US360290141011,360290141011,"Block Group 1, Census Tract 141.01, Erie County, New York",664,630,34,0.051204819
1500000US360290141012,360290141012,"Block Group 2, Census Tract 141.01, Erie County, New York",829,786,43,0.051869723
1500000US360290141013,360290141013,"Block Group 3, Census Tract 141.01, Erie County, New York",1244,1182,62,0.049839228
1500000US360290141021,360290141021,"Block Group 1, Census Tract 141.02, Erie County, New York",1011,945,66,0.065281899
1500000US360290141022,360290141022,"Block Group 2, Census Tract 141.02, Erie County, New York",1300,1268,32,0.024615385
1500000US360290142041,360290142041,"Block Group 1, Census Tract 142.04, Erie County, New York",1391,1312,79,0.056793674
1500000US360290142042,360290142042,"Block Group 2, Census Tract 142.04, Erie County, New York",548,515,33,0.060218978
1500000US360290142061,360290142061,"Block Group 1, Census Tract 142.06, Erie County, New York",1126,1073,53,0.047069272
1500000US360290142062,360290142062,"Block Group 2, Census Tract 142.06, Erie County, New York",723,723,0,0
1500000US360290142063,360290142063,"Block Group 3, Census Tract 142.06, Erie County, New York",571,571,0,0
1500000US360290142071,360290142071,"Block Group 1, Census Tract 142.07, Erie County, New York",456,424,32,0.070175439
1500000US360290142072,360290142072,"Block Group 2, Census Tract 142.07, Erie County, New York",647,632,15,0.023183926
1500000US360290142073,360290142073,"Block Group 3, Census Tract 142.07, Erie County, New York",1241,1224,17,0.01369863
1500000US360290142081,360290142081,"Block Group 1, Census Tract 142.08, Erie County, New York",509,484,25,0.049115914
1500000US360290142082,360290142082,"Block Group 2, Census Tract 142.08, Erie County, New York",671,671,0,0
1500000US360290142083,360290142083,"Block Group 3, Census Tract 142.08, Erie County, New York",741,717,24,0.032388664
1500000US360290142091,360290142091,"Block Group 1, Census Tract 142.09, Erie County, New York",615,559,56,0.091056911
1500000US360290142092,360290142092,"Block Group 2, Census Tract 142.09, Erie County, New York",664,664,0,0
1500000US360290142093,360290142093,"Block Group 3, Census Tract 142.09, Erie County, New York",331,312,19,0.057401813
1500000US360290143001,360290143001,"Block Group 1, Census Tract 143, Erie County, New York",568,568,0,0
1500000US360290143002,360290143002,"Block Group 2, Census Tract 143, Erie County, New York",689,614,75,0.108853411
1500000US360290143003,360290143003,"Block Group 3, Census Tract 143, Erie County, New York",483,451,32,0.066252588
1500000US360290143004,360290143004,"Block Group 4, Census Tract 143, Erie County, New York",316,257,59,0.186708861
1500000US360290143005,360290143005,"Block Group 5, Census Tract 143, Erie County, New York",583,583,0,0
1500000US360290144001,360290144001,"Block Group 1, Census Tract 144, Erie County, New York",753,640,113,0.150066401
1500000US360290144002,360290144002,"Block Group 2, Census Tract 144, Erie County, New York",295,241,54,0.183050847
1500000US360290144003,360290144003,"Block Group 3, Census Tract 144, Erie County, New York",491,475,16,0.032586558
1500000US360290144004,360290144004,"Block Group 4, Census Tract 144, Erie County, New York",546,520,26,0.047619048
1500000US360290145011,360290145011,"Block Group 1, Census Tract 145.01, Erie County, New York",826,808,18,0.021791768
1500000US360290145012,360290145012,"Block Group 2, Census Tract 145.01, Erie County, New York",699,662,37,0.052932761
1500000US360290145021,360290145021,"Block Group 1, Census Tract 145.02, Erie County, New York",537,413,124,0.230912477
1500000US360290145022,360290145022,"Block Group 2, Census Tract 145.02, Erie County, New York",691,681,10,0.01447178
1500000US360290146011,360290146011,"Block Group 1, Census Tract 146.01, Erie County, New York",619,619,0,0
1500000US360290146012,360290146012,"Block Group 2, Census Tract 146.01, Erie County, New York",837,795,42,0.050179211
1500000US360290146013,360290146013,"Block Group 3, Census Tract 146.01, Erie County, New York",277,277,0,0
1500000US360290146014,360290146014,"Block Group 4, Census Tract 146.01, Erie County, New York",446,446,0,0
1500000US360290146031,360290146031,"Block Group 1, Census Tract 146.03, Erie County, New York",946,906,40,0.042283298
1500000US360290146032,360290146032,"Block Group 2, Census Tract 146.03, Erie County, New York",415,415,0,0
1500000US360290146033,360290146033,"Block Group 3, Census Tract 146.03, Erie County, New York",327,295,32,0.097859327
1500000US360290146041,360290146041,"Block Group 1, Census Tract 146.04, Erie County, New York",850,805,45,0.052941176
1500000US360290146042,360290146042,"Block Group 2, Census Tract 146.04, Erie County, New York",991,957,34,0.034308779
1500000US360290146043,360290146043,"Block Group 3, Census Tract 146.04, Erie County, New York",599,599,0,0
1500000US360290146044,360290146044,"Block Group 4, Census Tract 146.04, Erie County, New York",387,387,0,0
1500000US360290147011,360290147011,"Block Group 1, Census Tract 147.01, Erie County, New York",315,315,0,0
1500000US360290147012,360290147012,"Block Group 2, Census Tract 147.01, Erie County, New York",412,386,26,0.063106796
1500000US360290147013,360290147013,"Block Group 3, Census Tract 147.01, Erie County, New York",1261,1221,40,0.031720856
1500000US360290147021,360290147021,"Block Group 1, Census Tract 147.02, Erie County, New York",419,419,0,0
1500000US360290147022,360290147022,"Block Group 2, Census Tract 147.02, Erie County, New York",714,699,15,0.021008403
1500000US360290147023,360290147023,"Block Group 3, Census Tract 147.02, Erie County, New York",469,454,15,0.031982942
1500000US360290147024,360290147024,"Block Group 4, Census Tract 147.02, Erie County, New York",765,726,39,0.050980392
1500000US360290147025,360290147025,"Block Group 5, Census Tract 147.02, Erie County, New York",883,848,35,0.039637599
1500000US360290148011,360290148011,"Block Group 1, Census Tract 148.01, Erie County, New York",547,529,18,0.032906764
1500000US360290148012,360290148012,"Block Group 2, Census Tract 148.01, Erie County, New York",625,598,27,0.0432
1500000US360290148031,360290148031,"Block Group 1, Census Tract 148.03, Erie County, New York",378,378,0,0
1500000US360290148032,360290148032,"Block Group 2, Census Tract 148.03, Erie County, New York",560,472,88,0.157142857
1500000US360290148033,360290148033,"Block Group 3, Census Tract 148.03, Erie County, New York",790,790,0,0
1500000US360290148034,360290148034,"Block Group 4, Census Tract 148.03, Erie County, New York",885,854,31,0.035028249
1500000US360290149011,360290149011,"Block Group 1, Census Tract 149.01, Erie County, New York",632,615,17,0.026898734
1500000US360290149012,360290149012,"Block Group 2, Census Tract 149.01, Erie County, New York",630,577,53,0.084126984
1500000US360290149031,360290149031,"Block Group 1, Census Tract 149.03, Erie County, New York",578,543,35,0.060553633
1500000US360290149032,360290149032,"Block Group 2, Census Tract 149.03, Erie County, New York",201,201,0,0
1500000US360290149033,360290149033,"Block Group 3, Census Tract 149.03, Erie County, New York",1145,1061,84,0.073362445
1500000US360290149034,360290149034,"Block Group 4, Census Tract 149.03, Erie County, New York",325,314,11,0.033846154
1500000US360290149041,360290149041,"Block Group 1, Census Tract 149.04, Erie County, New York",12,0,12,1
1500000US360290150011,360290150011,"Block Group 1, Census Tract 150.01, Erie County, New York",802,770,32,0.039900249
1500000US360290150012,360290150012,"Block Group 2, Census Tract 150.01, Erie County, New York",988,988,0,0
1500000US360290150013,360290150013,"Block Group 3, Census Tract 150.01, Erie County, New York",284,241,43,0.151408451
1500000US360290150021,360290150021,"Block Group 1, Census Tract 150.02, Erie County, New York",962,935,27,0.028066528
1500000US360290150022,360290150022,"Block Group 2, Census Tract 150.02, Erie County, New York",344,284,60,0.174418605
1500000US360290150031,360290150031,"Block Group 1, Census Tract 150.03, Erie County, New York",1006,984,22,0.021868787
1500000US360290150032,360290150032,"Block Group 2, Census Tract 150.03, Erie County, New York",471,441,30,0.063694268
1500000US360290151011,360290151011,"Block Group 1, Census Tract 151.01, Erie County, New York",711,657,54,0.075949367
1500000US360290151012,360290151012,"Block Group 2, Census Tract 151.01, Erie County, New York",326,295,31,0.095092025
1500000US360290151013,360290151013,"Block Group 3, Census Tract 151.01, Erie County, New York",388,353,35,0.090206186
1500000US360290151021,360290151021,"Block Group 1, Census Tract 151.02, Erie County, New York",571,543,28,0.049036778
1500000US360290151022,360290151022,"Block Group 2, Census Tract 151.02, Erie County, New York",520,486,34,0.065384615
1500000US360290152011,360290152011,"Block Group 1, Census Tract 152.01, Erie County, New York",415,415,0,0
1500000US360290152012,360290152012,"Block Group 2, Census Tract 152.01, Erie County, New York",831,800,31,0.037304452
1500000US360290152021,360290152021,"Block Group 1, Census Tract 152.02, Erie County, New York",744,703,41,0.055107527
1500000US360290152022,360290152022,"Block Group 2, Census Tract 152.02, Erie County, New York",703,669,34,0.048364154
1500000US360290152023,360290152023,"Block Group 3, Census Tract 152.02, Erie County, New York",743,667,76,0.102288022
1500000US360290153011,360290153011,"Block Group 1, Census Tract 153.01, Erie County, New York",472,457,15,0.031779661
1500000US360290153012,360290153012,"Block Group 2, Census Tract 153.01, Erie County, New York",644,607,37,0.057453416
1500000US360290153013,360290153013,"Block Group 3, Census Tract 153.01, Erie County, New York",877,807,70,0.07981756
1500000US360290153021,360290153021,"Block Group 1, Census Tract 153.02, Erie County, New York",349,308,41,0.11747851
1500000US360290153022,360290153022,"Block Group 2, Census Tract 153.02, Erie County, New York",516,516,0,0
1500000US360290153023,360290153023,"Block Group 3, Census Tract 153.02, Erie County, New York",348,338,10,0.028735632
1500000US360290154011,360290154011,"Block Group 1, Census Tract 154.01, Erie County, New York",669,624,45,0.067264574
1500000US360290154012,360290154012,"Block Group 2, Census Tract 154.01, Erie County, New York",447,439,8,0.017897092
1500000US360290154021,360290154021,"Block Group 1, Census Tract 154.02, Erie County, New York",632,496,136,0.215189873
1500000US360290154022,360290154022,"Block Group 2, Census Tract 154.02, Erie County, New York",283,233,50,0.176678445
1500000US360290154023,360290154023,"Block Group 3, Census Tract 154.02, Erie County, New York",664,625,39,0.05873494
1500000US360290154024,360290154024,"Block Group 4, Census Tract 154.02, Erie County, New York",768,712,56,0.072916667
1500000US360290155011,360290155011,"Block Group 1, Census Tract 155.01, Erie County, New York",921,797,124,0.134636265
1500000US360290155031,360290155031,"Block Group 1, Census Tract 155.03, Erie County, New York",645,528,117,0.181395349
1500000US360290155032,360290155032,"Block Group 2, Census Tract 155.03, Erie County, New York",706,635,71,0.100566572
1500000US360290155041,360290155041,"Block Group 1, Census Tract 155.04, Erie County, New York",616,506,110,0.178571429
1500000US360290155042,360290155042,"Block Group 2, Census Tract 155.04, Erie County, New York",745,576,169,0.226845638
1500000US360290155043,360290155043,"Block Group 3, Census Tract 155.04, Erie County, New York",214,186,28,0.130841121
1500000US360290155044,360290155044,"Block Group 4, Census Tract 155.04, Erie County, New York",602,489,113,0.187707641
1500000US360290156001,360290156001,"Block Group 1, Census Tract 156, Erie County, New York",673,538,135,0.200594354
1500000US360290156002,360290156002,"Block Group 2, Census Tract 156, Erie County, New York",367,340,27,0.073569482
1500000US360290157001,360290157001,"Block Group 1, Census Tract 157, Erie County, New York",398,391,7,0.01758794
1500000US360290157002,360290157002,"Block Group 2, Census Tract 157, Erie County, New York",324,292,32,0.098765432
1500000US360290157003,360290157003,"Block Group 3, Census Tract 157, Erie County, New York",283,257,26,0.091872792
1500000US360290157004,360290157004,"Block Group 4, Census Tract 157, Erie County, New York",375,335,40,0.106666667
1500000US360290158001,360290158001,"Block Group 1, Census Tract 158, Erie County, New York",1016,900,116,0.114173228
1500000US360290158002,360290158002,"Block Group 2, Census Tract 158, Erie County, New York",987,905,82,0.083080041
1500000US360290159001,360290159001,"Block Group 1, Census Tract 159, Erie County, New York",1022,1022,0,0
1500000US360290159002,360290159002,"Block Group 2, Census Tract 159, Erie County, New York",911,871,40,0.043907794
1500000US360290161001,360290161001,"Block Group 1, Census Tract 161, Erie County, New York",4,4,0,0
1500000US360290162001,360290162001,"Block Group 1, Census Tract 162, Erie County, New York",604,515,89,0.147350993
1500000US360290162002,360290162002,"Block Group 2, Census Tract 162, Erie County, New York",453,453,0,0
1500000US360290163001,360290163001,"Block Group 1, Census Tract 163, Erie County, New York",406,370,36,0.088669951
1500000US360290163002,360290163002,"Block Group 2, Census Tract 163, Erie County, New York",306,251,55,0.179738562
1500000US360290163003,360290163003,"Block Group 3, Census Tract 163, Erie County, New York",524,395,129,0.246183206
1500000US360290164001,360290164001,"Block Group 1, Census Tract 164, Erie County, New York",560,494,66,0.117857143
1500000US360290164002,360290164002,"Block Group 2, Census Tract 164, Erie County, New York",512,305,207,0.404296875
1500000US360290164003,360290164003,"Block Group 3, Census Tract 164, Erie County, New York",331,283,48,0.145015106
1500000US360290164004,360290164004,"Block Group 4, Census Tract 164, Erie County, New York",346,323,23,0.066473988
1500000US360290165001,360290165001,"Block Group 1, Census Tract 165, Erie County, New York",894,683,211,0.236017897
1500000US360290166001,360290166001,"Block Group 1, Census Tract 166, Erie County, New York",397,275,122,0.307304786
1500000US360290166002,360290166002,"Block Group 2, Census Tract 166, Erie County, New York",270,220,50,0.185185185
1500000US360290166003,360290166003,"Block Group 3, Census Tract 166, Erie County, New York",236,212,24,0.101694915
1500000US360290166004,360290166004,"Block Group 4, Census Tract 166, Erie County, New York",538,417,121,0.224907063
1500000US360290167001,360290167001,"Block Group 1, Census Tract 167, Erie County, New York",375,307,68,0.181333333
1500000US360290167002,360290167002,"Block Group 2, Census Tract 167, Erie County, New York",385,327,58,0.150649351
1500000US360290167003,360290167003,"Block Group 3, Census Tract 167, Erie County, New York",468,381,87,0.185897436
1500000US360290168001,360290168001,"Block Group 1, Census Tract 168, Erie County, New York",568,316,252,0.443661972
1500000US360290168002,360290168002,"Block Group 2, Census Tract 168, Erie County, New York",841,630,211,0.250891795
1500000US360290168003,360290168003,"Block Group 3, Census Tract 168, Erie County, New York",436,292,144,0.330275229
1500000US360290168004,360290168004,"Block Group 4, Census Tract 168, Erie County, New York",560,345,215,0.383928571
1500000US360290169001,360290169001,"Block Group 1, Census Tract 169, Erie County, New York",648,509,139,0.214506173
1500000US360290169002,360290169002,"Block Group 2, Census Tract 169, Erie County, New York",416,416,0,0
1500000US360290169003,360290169003,"Block Group 3, Census Tract 169, Erie County, New York",585,472,113,0.193162393
1500000US360290169004,360290169004,"Block Group 4, Census Tract 169, Erie County, New York",329,198,131,0.398176292
1500000US360290170001,360290170001,"Block Group 1, Census Tract 170, Erie County, New York",574,466,108,0.18815331
1500000US360290170002,360290170002,"Block Group 2, Census Tract 170, Erie County, New York",888,694,194,0.218468468
1500000US360290171001,360290171001,"Block Group 1, Census Tract 171, Erie County, New York",418,346,72,0.172248804
1500000US360290171002,360290171002,"Block Group 2, Census Tract 171, Erie County, New York",340,268,72,0.211764706
1500000US360290171003,360290171003,"Block Group 3, Census Tract 171, Erie County, New York",508,384,124,0.244094488
1500000US360290171004,360290171004,"Block Group 4, Census Tract 171, Erie County, New York",328,288,40,0.12195122
1500000US360290171005,360290171005,"Block Group 5, Census Tract 171, Erie County, New York",342,237,105,0.307017544
1500000US360290172001,360290172001,"Block Group 1, Census Tract 172, Erie County, New York",293,293,0,0
1500000US360290172002,360290172002,"Block Group 2, Census Tract 172, Erie County, New York",351,325,26,0.074074074
1500000US360290172003,360290172003,"Block Group 3, Census Tract 172, Erie County, New York",531,462,69,0.129943503
1500000US360290173001,360290173001,"Block Group 1, Census Tract 173, Erie County, New York",936,936,0,0
1500000US360290173002,360290173002,"Block Group 2, Census Tract 173, Erie County, New York",478,434,44,0.092050209
1500000US360290173003,360290173003,"Block Group 3, Census Tract 173, Erie County, New York",1155,1064,91,0.078787879
1500000US360290173004,360290173004,"Block Group 4, Census Tract 173, Erie County, New York",411,411,0,0
1500000US360290174001,360290174001,"Block Group 1, Census Tract 174, Erie County, New York",573,467,106,0.184991274
1500000US360290174002,360290174002,"Block Group 2, Census Tract 174, Erie County, New York",435,435,0,0
1500000US360290174003,360290174003,"Block Group 3, Census Tract 174, Erie County, New York",347,288,59,0.170028818
1500000US360290174004,360290174004,"Block Group 4, Census Tract 174, Erie County, New York",317,317,0,0
1500000US360290175011,360290175011,"Block Group 1, Census Tract 175.01, Erie County, New York",303,291,12,0.03960396
1500000US360290175012,360290175012,"Block Group 2, Census Tract 175.01, Erie County, New York",422,375,47,0.111374408
1500000US360290175021,360290175021,"Block Group 1, Census Tract 175.02, Erie County, New York",539,474,65,0.120593692
1500000US360290175022,360290175022,"Block Group 2, Census Tract 175.02, Erie County, New York",531,475,56,0.105461394
1500000US360299400001,360299400001,"Block Group 1, Census Tract 9400, Erie County, New York",523,444,79,0.151051625
1500000US360299400002,360299400002,"Block Group 2, Census Tract 9400, Erie County, New York",336,247,89,0.264880952
1500000US360299401001,360299401001,"Block Group 1, Census Tract 9401, Erie County, New York",3,3,0,0
1500000US360299900000,360299900000,"Block Group 0, Census Tract 9900, Erie County, New York",0,0,0,#DIV/0!
